Park;Year;Month;Day;Consumption
Oriental;2023;1;1;20,8
ArcaAgua;2023;1;1;5,2
Covelo;2023;1;1;9,27
Cidade;2023;1;1;68,25
Oriental;2023;1;2;19
ArcaAgua;2023;1;2;4,9
Covelo;2023;1;2;8,82
Cidade;2023;1;2;63,05
Oriental;2023;1;3;19
ArcaAgua;2023;1;3;4,75
Covelo;2023;1;3;9
Cidade;2023;1;3;64,35
Oriental;2023;1;4;20
ArcaAgua;2023;1;4;4,75
Covelo;2023;1;4;8,91
Cidade;2023;1;4;68,25
Oriental;2023;1;5;20,8
ArcaAgua;2023;1;5;5,2
Covelo;2023;1;5;8,82
Cidade;2023;1;5;66,3
Oriental;2023;1;6;19,2
ArcaAgua;2023;1;6;5,2
Covelo;2023;1;6;8,64
Cidade;2023;1;6;67,6
Oriental;2023;1;7;19,2
ArcaAgua;2023;1;7;4,85
Covelo;2023;1;7;9,27
Cidade;2023;1;7;61,75
Oriental;2023;1;8;20
ArcaAgua;2023;1;8;5,15
Covelo;2023;1;8;8,64
Cidade;2023;1;8;65
Oriental;2023;1;9;19,2
ArcaAgua;2023;1;9;5,05
Covelo;2023;1;9;9,36
Cidade;2023;1;9;64,35
Oriental;2023;1;10;19,8
ArcaAgua;2023;1;10;4,95
Covelo;2023;1;10;8,55
Cidade;2023;1;10;65
Oriental;2023;1;11;19
ArcaAgua;2023;1;11;4,8
Covelo;2023;1;11;8,55
Cidade;2023;1;11;65
Oriental;2023;1;12;19,2
ArcaAgua;2023;1;12;5,05
Covelo;2023;1;12;9,18
Cidade;2023;1;12;65,65
Oriental;2023;1;13;19,6
ArcaAgua;2023;1;13;4,75
Covelo;2023;1;13;9,09
Cidade;2023;1;13;63,7
Oriental;2023;1;14;19,2
ArcaAgua;2023;1;14;5,25
Covelo;2023;1;14;8,91
Cidade;2023;1;14;66,95
Oriental;2023;1;15;19
ArcaAgua;2023;1;15;4,8
Covelo;2023;1;15;9
Cidade;2023;1;15;66,3
Oriental;2023;1;16;20,8
ArcaAgua;2023;1;16;4,8
Covelo;2023;1;16;9,36
Cidade;2023;1;16;68,25
Oriental;2023;1;17;19,6
ArcaAgua;2023;1;17;4,8
Covelo;2023;1;17;9,09
Cidade;2023;1;17;63,05
Oriental;2023;1;18;19,6
ArcaAgua;2023;1;18;5,1
Covelo;2023;1;18;9,36
Cidade;2023;1;18;62,4
Oriental;2023;1;19;19,4
ArcaAgua;2023;1;19;4,75
Covelo;2023;1;19;9,18
Cidade;2023;1;19;65
Oriental;2023;1;20;20,2
ArcaAgua;2023;1;20;4,8
Covelo;2023;1;20;9,18
Cidade;2023;1;20;64,35
Oriental;2023;1;21;19,4
ArcaAgua;2023;1;21;5
Covelo;2023;1;21;8,91
Cidade;2023;1;21;64,35
Oriental;2023;1;22;19,4
ArcaAgua;2023;1;22;5,15
Covelo;2023;1;22;9,27
Cidade;2023;1;22;66,3
Oriental;2023;1;23;19
ArcaAgua;2023;1;23;5,25
Covelo;2023;1;23;9,18
Cidade;2023;1;23;65,65
Oriental;2023;1;24;19,2
ArcaAgua;2023;1;24;5
Covelo;2023;1;24;9
Cidade;2023;1;24;64,35
Oriental;2023;1;25;21
ArcaAgua;2023;1;25;5,25
Covelo;2023;1;25;8,73
Cidade;2023;1;25;65
Oriental;2023;1;26;19
ArcaAgua;2023;1;26;5,1
Covelo;2023;1;26;9,27
Cidade;2023;1;26;63,05
Oriental;2023;1;27;20,8
ArcaAgua;2023;1;27;4,95
Covelo;2023;1;27;9,27
Cidade;2023;1;27;61,75
Oriental;2023;1;28;20,2
ArcaAgua;2023;1;28;4,9
Covelo;2023;1;28;8,73
Cidade;2023;1;28;61,75
Oriental;2023;1;29;20,8
ArcaAgua;2023;1;29;4,75
Covelo;2023;1;29;9,27
Cidade;2023;1;29;63,7
Oriental;2023;1;30;21
ArcaAgua;2023;1;30;4,9
Covelo;2023;1;30;9
Cidade;2023;1;30;66,95
Oriental;2023;1;31;20,4
ArcaAgua;2023;1;31;5,05
Covelo;2023;1;31;9,45
Cidade;2023;1;31;65
Oriental;2023;2;1;21,21
ArcaAgua;2023;2;1;5,5125
Covelo;2023;2;1;9,9225
Cidade;2023;2;1;65,52
Oriental;2023;2;2;20,16
ArcaAgua;2023;2;2;5,46
Covelo;2023;2;2;9,45
Cidade;2023;2;2;65,52
Oriental;2023;2;3;20,79
ArcaAgua;2023;2;3;5,46
Covelo;2023;2;3;9,639
Cidade;2023;2;3;68,9325
Oriental;2023;2;4;20,79
ArcaAgua;2023;2;4;5,1975
Covelo;2023;2;4;9,5445
Cidade;2023;2;4;70,2975
Oriental;2023;2;5;20,37
ArcaAgua;2023;2;5;5,1975
Covelo;2023;2;5;9,072
Cidade;2023;2;5;67,5675
Oriental;2023;2;6;20,37
ArcaAgua;2023;2;6;5,145
Covelo;2023;2;6;0
Cidade;2023;2;6;70,2975
Oriental;2023;2;7;21,84
ArcaAgua;2023;2;7;5,25
Covelo;2023;2;7;9,072
Cidade;2023;2;7;68,9325
Oriental;2023;2;8;21,63
ArcaAgua;2023;2;8;5,145
Covelo;2023;2;8;9,1665
Cidade;2023;2;8;64,8375
Oriental;2023;2;9;20,58
ArcaAgua;2023;2;9;5,1975
Covelo;2023;2;9;9,1665
Cidade;2023;2;9;70,98
Oriental;2023;2;10;21
ArcaAgua;2023;2;10;5,3025
Covelo;2023;2;10;9,5445
Cidade;2023;2;10;70,98
Oriental;2023;2;11;21
ArcaAgua;2023;2;11;5,355
Covelo;2023;2;11;9,072
Cidade;2023;2;11;70,98
Oriental;2023;2;12;21,21
ArcaAgua;2023;2;12;4,9875
Covelo;2023;2;12;9,828
Cidade;2023;2;12;64,8375
Oriental;2023;2;13;20,16
ArcaAgua;2023;2;13;4,9875
Covelo;2023;2;13;9,5445
Cidade;2023;2;13;70,98
Oriental;2023;2;14;22,05
ArcaAgua;2023;2;14;5,3025
Covelo;2023;2;14;9,9225
Cidade;2023;2;14;65,52
Oriental;2023;2;15;20,58
ArcaAgua;2023;2;15;5,04
Covelo;2023;2;15;9,1665
Cidade;2023;2;15;67,5675
Oriental;2023;2;16;20,16
ArcaAgua;2023;2;16;5,04
Covelo;2023;2;16;9,261
Cidade;2023;2;16;70,98
Oriental;2023;2;17;21,63
ArcaAgua;2023;2;17;4,9875
Covelo;2023;2;17;9,5445
Cidade;2023;2;17;64,8375
Oriental;2023;2;18;0
ArcaAgua;2023;2;18;5,3025
Covelo;2023;2;18;9,072
Cidade;2023;2;18;67,5675
Oriental;2023;2;19;20,37
ArcaAgua;2023;2;19;5,145
Covelo;2023;2;19;9,072
Cidade;2023;2;19;70,2975
Oriental;2023;2;20;19,95
ArcaAgua;2023;2;20;5,04
Covelo;2023;2;20;9,639
Cidade;2023;2;20;68,25
Oriental;2023;2;21;22,05
ArcaAgua;2023;2;21;5,5125
Covelo;2023;2;21;9,1665
Cidade;2023;2;21;69,615
Oriental;2023;2;22;21,42
ArcaAgua;2023;2;22;5,25
Covelo;2023;2;22;9,261
Cidade;2023;2;22;68,25
Oriental;2023;2;23;20,79
ArcaAgua;2023;2;23;4,9875
Covelo;2023;2;23;9,9225
Cidade;2023;2;23;68,9325
Oriental;2023;2;24;21
ArcaAgua;2023;2;24;5,1975
Covelo;2023;2;24;9,5445
Cidade;2023;2;24;65,52
Oriental;2023;2;25;20,37
ArcaAgua;2023;2;25;5,46
Covelo;2023;2;25;9,828
Cidade;2023;2;25;64,8375
Oriental;2023;2;26;20,16
ArcaAgua;2023;2;26;4,9875
Covelo;2023;2;26;9,3555
Cidade;2023;2;26;64,8375
Oriental;2023;2;27;21,63
ArcaAgua;2023;2;27;5,355
Covelo;2023;2;27;9,1665
Cidade;2023;2;27;65,52
Oriental;2023;2;28;20,16
ArcaAgua;2023;2;28;5,4075
Covelo;2023;2;28;9,1665
Cidade;2023;2;28;65,52
Oriental;2023;3;1;25,956
ArcaAgua;2023;3;1;6,174
Covelo;2023;3;1;11,2266
Cidade;2023;3;1;81,9
Oriental;2023;3;2;25,956
ArcaAgua;2023;3;2;6,426
Covelo;2023;3;2;11,907
Cidade;2023;3;2;82,719
Oriental;2023;3;3;25,2
ArcaAgua;2023;3;3;6,174
Covelo;2023;3;3;11,7936
Cidade;2023;3;3;84,357
Oriental;2023;3;4;25,2
ArcaAgua;2023;3;4;6,552
Covelo;2023;3;4;11,6802
Cidade;2023;3;4;81,9
Oriental;2023;3;5;23,94
ArcaAgua;2023;3;5;5,985
Covelo;2023;3;5;11,5668
Cidade;2023;3;5;81,9
Oriental;2023;3;6;25,2
ArcaAgua;2023;3;6;6,048
Covelo;2023;3;6;11,907
Cidade;2023;3;6;81,081
Oriental;2023;3;7;26,46
ArcaAgua;2023;3;7;30,555
Covelo;2023;3;7;11,6802
Cidade;2023;3;7;81,081
Oriental;2023;3;8;25,2
ArcaAgua;2023;3;8;6,552
Covelo;2023;3;8;11,34
Cidade;2023;3;8;0
Oriental;2023;3;9;25,452
ArcaAgua;2023;3;9;6,048
Covelo;2023;3;9;11,4534
Cidade;2023;3;9;81,9
Oriental;2023;3;10;24,696
ArcaAgua;2023;3;10;5,985
Covelo;2023;3;10;11,34
Cidade;2023;3;10;82,719
Oriental;2023;3;11;24,192
ArcaAgua;2023;3;11;6,426
Covelo;2023;3;11;11,34
Cidade;2023;3;11;77,805
Oriental;2023;3;12;24,696
ArcaAgua;2023;3;12;6,426
Covelo;2023;3;12;11,2266
Cidade;2023;3;12;85,176
Oriental;2023;3;13;25,704
ArcaAgua;2023;3;13;6,363
Covelo;2023;3;13;11,34
Cidade;2023;3;13;84,357
Oriental;2023;3;14;26,208
ArcaAgua;2023;3;14;5,985
Covelo;2023;3;14;11,6802
Cidade;2023;3;14;77,805
Oriental;2023;3;15;24,696
ArcaAgua;2023;3;15;6,237
Covelo;2023;3;15;11,907
SaoRoque;2023;3;15;8,9082
Cidade;2023;3;15;79,443
Oriental;2023;3;16;25,956
ArcaAgua;2023;3;16;6,615
Covelo;2023;3;16;11,2266
SaoRoque;2023;3;16;8,379
Cidade;2023;3;16;85,176
Oriental;2023;3;17;23,94
ArcaAgua;2023;3;17;6,426
Covelo;2023;3;17;11,5668
SaoRoque;2023;3;17;8,82
Cidade;2023;3;17;82,719
Oriental;2023;3;18;24,192
ArcaAgua;2023;3;18;6,615
Covelo;2023;3;18;11,4534
SaoRoque;2023;3;18;8,82
Cidade;2023;3;18;77,805
Oriental;2023;3;19;25,704
ArcaAgua;2023;3;19;6,363
Covelo;2023;3;19;11,7936
SaoRoque;2023;3;19;8,9082
Cidade;2023;3;19;84,357
Oriental;2023;3;20;26,46
ArcaAgua;2023;3;20;6,615
Covelo;2023;3;20;11,5668
SaoRoque;2023;3;20;8,9082
Cidade;2023;3;20;83,538
Oriental;2023;3;21;25,2
ArcaAgua;2023;3;21;6,048
Covelo;2023;3;21;10,8864
SaoRoque;2023;3;21;8,82
Cidade;2023;3;21;81,9
Oriental;2023;3;22;24,696
ArcaAgua;2023;3;22;6,552
Covelo;2023;3;22;10,9998
SaoRoque;2023;3;22;9,0846
Cidade;2023;3;22;81,9
Oriental;2023;3;23;25,2
ArcaAgua;2023;3;23;6,615
Covelo;2023;3;23;10,773
SaoRoque;2023;3;23;8,9964
Cidade;2023;3;23;83,538
Oriental;2023;3;24;25,452
ArcaAgua;2023;3;24;5,985
Covelo;2023;3;24;10,773
SaoRoque;2023;3;24;8,379
Cidade;2023;3;24;0
Oriental;2023;3;25;25,2
ArcaAgua;2023;3;25;6,552
Covelo;2023;3;25;11,6802
SaoRoque;2023;3;25;9,0846
Cidade;2023;3;25;79,443
Oriental;2023;3;26;25,2
ArcaAgua;2023;3;26;5,985
Covelo;2023;3;26;11,907
SaoRoque;2023;3;26;8,7318
Cidade;2023;3;26;82,719
Oriental;2023;3;27;24,192
ArcaAgua;2023;3;27;6,111
Covelo;2023;3;27;10,773
SaoRoque;2023;3;27;8,9082
Cidade;2023;3;27;85,995
Oriental;2023;3;28;24,192
ArcaAgua;2023;3;28;5,985
Covelo;2023;3;28;10,9998
SaoRoque;2023;3;28;9,261
Cidade;2023;3;28;82,719
Oriental;2023;3;29;25,452
ArcaAgua;2023;3;29;6,615
Covelo;2023;3;29;10,773
SaoRoque;2023;3;29;9,261
Cidade;2023;3;29;81,081
Oriental;2023;3;30;25,2
ArcaAgua;2023;3;30;6,426
Covelo;2023;3;30;11,34
SaoRoque;2023;3;30;8,379
Cidade;2023;3;30;83,538
Oriental;2023;3;31;25,704
ArcaAgua;2023;3;31;6,3
Covelo;2023;3;31;11,7936
SaoRoque;2023;3;31;8,4672
Cidade;2023;3;31;85,176
Oriental;2023;4;1;32,13
ArcaAgua;2023;4;1;7,7175
Covelo;2023;4;1;13,8915
SaoRoque;2023;4;1;11,35575
Cidade;2023;4;1;105,44625
Oriental;2023;4;2;30,555
ArcaAgua;2023;4;2;7,79625
Covelo;2023;4;2;14,60025
SaoRoque;2023;4;2;10,69425
Cidade;2023;4;2;100,3275
Oriental;2023;4;3;30,87
ArcaAgua;2023;4;3;7,7175
Covelo;2023;4;3;14,742
SaoRoque;2023;4;3;11,466
Cidade;2023;4;3;98,28
Oriental;2023;4;4;33,075
ArcaAgua;2023;4;4;8,0325
Covelo;2023;4;4;14,03325
SaoRoque;2023;4;4;10,584
Cidade;2023;4;4;103,39875
Oriental;2023;4;5;30,87
ArcaAgua;2023;4;5;8,11125
Covelo;2023;4;5;14,742
SaoRoque;2023;4;5;10,47375
Cidade;2023;4;5;100,3275
Oriental;2023;4;6;29,925
ArcaAgua;2023;4;6;7,79625
Covelo;2023;4;6;14,60025
SaoRoque;2023;4;6;11,466
Cidade;2023;4;6;102,375
Oriental;2023;4;7;32,76
ArcaAgua;2023;4;7;8,26875
Covelo;2023;4;7;14,31675
SaoRoque;2023;4;7;10,47375
Cidade;2023;4;7;104,4225
Oriental;2023;4;8;30,555
ArcaAgua;2023;4;8;7,56
Covelo;2023;4;8;13,46625
SaoRoque;2023;4;8;10,8045
Cidade;2023;4;8;97,25625
Oriental;2023;4;9;31,185
ArcaAgua;2023;4;9;7,56
SaoRoque;2023;4;9;11,13525
Cidade;2023;4;9;101,35125
Oriental;2023;4;10;30,555
ArcaAgua;2023;4;10;8,0325
SaoRoque;2023;4;10;11,025
Cidade;2023;4;10;103,39875
Oriental;2023;4;11;31,815
ArcaAgua;2023;4;11;7,63875
SaoRoque;2023;4;11;11,13525
Cidade;2023;4;11;102,375
Oriental;2023;4;12;32,76
ArcaAgua;2023;4;12;7,48125
SaoRoque;2023;4;12;10,47375
Cidade;2023;4;12;107,49375
Oriental;2023;4;13;32,76
ArcaAgua;2023;4;13;8,26875
SaoRoque;2023;4;13;10,8045
Cidade;2023;4;13;106,47
Oriental;2023;4;14;30,87
ArcaAgua;2023;4;14;7,7175
SaoRoque;2023;4;14;11,466
Cidade;2023;4;14;97,25625
Oriental;2023;4;15;29,925
ArcaAgua;2023;4;15;7,48125
SaoRoque;2023;4;15;11,466
Cidade;2023;4;15;97,25625
Oriental;2023;4;16;29,925
ArcaAgua;2023;4;16;7,95375
SaoRoque;2023;4;16;11,2455
Cidade;2023;4;16;104,4225
Oriental;2023;4;17;31,185
ArcaAgua;2023;4;17;7,48125
SaoRoque;2023;4;17;11,57625
Cidade;2023;4;17;105,44625
Oriental;2023;4;18;33,075
ArcaAgua;2023;4;18;8,19
SaoRoque;2023;4;18;10,91475
Cidade;2023;4;18;98,28
Oriental;2023;4;19;32,76
ArcaAgua;2023;4;19;7,63875
SaoRoque;2023;4;19;10,8045
Cidade;2023;4;19;98,28
Oriental;2023;4;20;30,555
ArcaAgua;2023;4;20;7,95375
SaoRoque;2023;4;20;10,91475
Cidade;2023;4;20;101,35125
Oriental;2023;4;21;30,87
ArcaAgua;2023;4;21;7,875
Covelo;2023;4;21;13,608
SaoRoque;2023;4;21;11,35575
Cidade;2023;4;21;97,25625
Oriental;2023;4;22;31,185
ArcaAgua;2023;4;22;7,875
Covelo;2023;4;22;13,8915
SaoRoque;2023;4;22;10,69425
Cidade;2023;4;22;103,39875
Oriental;2023;4;23;30,24
ArcaAgua;2023;4;23;8,19
Covelo;2023;4;23;14,03325
SaoRoque;2023;4;23;11,13525
Cidade;2023;4;23;107,49375
Oriental;2023;4;24;30,87
ArcaAgua;2023;4;24;7,875
Covelo;2023;4;24;13,8915
SaoRoque;2023;4;24;10,584
Cidade;2023;4;24;103,39875
Oriental;2023;4;25;29,925
ArcaAgua;2023;4;25;7,79625
Covelo;2023;4;25;14,4585
SaoRoque;2023;4;25;11,13525
Cidade;2023;4;25;107,49375
Oriental;2023;4;26;29,925
ArcaAgua;2023;4;26;8,11125
Covelo;2023;4;26;14,60025
SaoRoque;2023;4;26;10,47375
Cidade;2023;4;26;97,25625
Oriental;2023;4;27;30,555
ArcaAgua;2023;4;27;7,95375
Covelo;2023;4;27;14,742
SaoRoque;2023;4;27;10,47375
Cidade;2023;4;27;102,375
Oriental;2023;4;28;29,925
ArcaAgua;2023;4;28;8,26875
Covelo;2023;4;28;13,608
SaoRoque;2023;4;28;11,025
Cidade;2023;4;28;100,3275
Oriental;2023;4;29;31,185
ArcaAgua;2023;4;29;7,79625
Covelo;2023;4;29;14,4585
SaoRoque;2023;4;29;11,13525
Cidade;2023;4;29;491,4
Oriental;2023;4;30;30,24
ArcaAgua;2023;4;30;8,0325
Covelo;2023;4;30;13,8915
SaoRoque;2023;4;30;11,35575
Cidade;2023;4;30;97,25625
Oriental;2023;5;1;39,312
ArcaAgua;2023;5;1;10,040625
Covelo;2023;5;1;18,073125
SaoRoque;2023;5;1;15,6279375
Cidade;2023;5;1;121,5703125
Oriental;2023;5;2;36,288
ArcaAgua;2023;5;2;10,1390625
Covelo;2023;5;2;18,2503125
SaoRoque;2023;5;2;14,7349125
Cidade;2023;5;2;131,8078125
Oriental;2023;5;3;39,312
ArcaAgua;2023;5;3;9,646875
Covelo;2023;5;3;17,5415625
SaoRoque;2023;5;3;15,181425
Cidade;2023;5;3;126,6890625
Oriental;2023;5;4;35,91
ArcaAgua;2023;5;4;9,3515625
Covelo;2023;5;4;17,364375
SaoRoque;2023;5;4;14,2884
Cidade;2023;5;4;124,1296875
Oriental;2023;5;5;38,178
ArcaAgua;2023;5;5;9,7453125
Covelo;2023;5;5;17,71875
SaoRoque;2023;5;5;14,88375
Cidade;2023;5;5;121,5703125
Oriental;2023;5;6;39,312
ArcaAgua;2023;5;6;9,45
Covelo;2023;5;6;18,6046875
SaoRoque;2023;5;6;15,6279375
Cidade;2023;5;6;0
Oriental;2023;5;7;36,666
ArcaAgua;2023;5;7;10,2375
Covelo;2023;5;7;17,5415625
SaoRoque;2023;5;7;15,181425
Cidade;2023;5;7;131,8078125
Oriental;2023;5;8;39,312
ArcaAgua;2023;5;8;9,646875
Covelo;2023;5;8;17,1871875
SaoRoque;2023;5;8;14,7349125
Cidade;2023;5;8;129,2484375
Oriental;2023;5;9;38,556
ArcaAgua;2023;5;9;10,1390625
Covelo;2023;5;9;16,8328125
SaoRoque;2023;5;9;15,0325875
Cidade;2023;5;9;122,85
Oriental;2023;5;10;36,666
ArcaAgua;2023;5;10;10,2375
Covelo;2023;5;10;18,073125
SaoRoque;2023;5;10;14,2884
Cidade;2023;5;10;131,8078125
Oriental;2023;5;11;38,178
ArcaAgua;2023;5;11;9,9421875
Covelo;2023;5;11;18,2503125
SaoRoque;2023;5;11;15,6279375
Cidade;2023;5;11;126,6890625
Oriental;2023;5;12;39,312
ArcaAgua;2023;5;12;9,5484375
Covelo;2023;5;12;18,6046875
SaoRoque;2023;5;12;14,7349125
Cidade;2023;5;12;131,8078125
Oriental;2023;5;13;36,288
ArcaAgua;2023;5;13;9,7453125
Covelo;2023;5;13;17,71875
SaoRoque;2023;5;13;15,6279375
Cidade;2023;5;13;125,409375
Oriental;2023;5;14;35,91
ArcaAgua;2023;5;14;10,040625
Covelo;2023;5;14;17,5415625
SaoRoque;2023;5;14;15,0325875
Cidade;2023;5;14;121,5703125
Oriental;2023;5;15;39,312
ArcaAgua;2023;5;15;9,84375
Covelo;2023;5;15;18,2503125
SaoRoque;2023;5;15;14,7349125
Cidade;2023;5;15;130,528125
Oriental;2023;5;16;39,312
ArcaAgua;2023;5;16;9,45
Covelo;2023;5;16;17,5415625
SaoRoque;2023;5;16;15,4791
Cidade;2023;5;16;127,96875
Oriental;2023;5;17;36,288
ArcaAgua;2023;5;17;9,646875
Covelo;2023;5;17;17,5415625
SaoRoque;2023;5;17;14,7349125
Cidade;2023;5;17;126,6890625
Oriental;2023;5;18;39,312
ArcaAgua;2023;5;18;9,9421875
Covelo;2023;5;18;17,1871875
SaoRoque;2023;5;18;14,88375
Cidade;2023;5;18;133,0875
Oriental;2023;5;19;36,288
ArcaAgua;2023;5;19;9,45
Covelo;2023;5;19;18,073125
SaoRoque;2023;5;19;15,6279375
Cidade;2023;5;19;130,528125
Oriental;2023;5;20;38,556
ArcaAgua;2023;5;20;9,84375
Covelo;2023;5;20;17,1871875
SaoRoque;2023;5;20;15,0325875
Cidade;2023;5;20;129,2484375
Oriental;2023;5;21;37,422
ArcaAgua;2023;5;21;10,040625
Covelo;2023;5;21;18,4275
SaoRoque;2023;5;21;15,3302625
Cidade;2023;5;21;127,96875
Oriental;2023;5;22;38,178
ArcaAgua;2023;5;22;10,2375
Covelo;2023;5;22;18,073125
SaoRoque;2023;5;22;14,4372375
Cidade;2023;5;22;126,6890625
Oriental;2023;5;23;37,422
ArcaAgua;2023;5;23;9,45
Covelo;2023;5;23;16,8328125
SaoRoque;2023;5;23;14,2884
Cidade;2023;5;23;129,2484375
Oriental;2023;5;24;38,556
ArcaAgua;2023;5;24;9,45
Covelo;2023;5;24;18,073125
SaoRoque;2023;5;24;14,88375
Cidade;2023;5;24;122,85
Oriental;2023;5;25;38,934
ArcaAgua;2023;5;25;9,9421875
Covelo;2023;5;25;17,1871875
SaoRoque;2023;5;25;14,4372375
Cidade;2023;5;25;129,2484375
Oriental;2023;5;26;36,288
ArcaAgua;2023;5;26;10,3359375
Covelo;2023;5;26;18,2503125
SaoRoque;2023;5;26;15,6279375
Cidade;2023;5;26;122,85
Oriental;2023;5;27;38,556
ArcaAgua;2023;5;27;10,2375
Covelo;2023;5;27;18,2503125
SaoRoque;2023;5;27;14,88375
Cidade;2023;5;27;126,6890625
Oriental;2023;5;28;37,044
ArcaAgua;2023;5;28;49,21875
Covelo;2023;5;28;18,6046875
SaoRoque;2023;5;28;15,4791
Cidade;2023;5;28;129,2484375
Oriental;2023;5;29;39,69
ArcaAgua;2023;5;29;9,45
Covelo;2023;5;29;18,073125
SaoRoque;2023;5;29;15,6279375
Cidade;2023;5;29;133,0875
Oriental;2023;5;30;38,934
ArcaAgua;2023;5;30;10,1390625
Covelo;2023;5;30;17,8959375
SaoRoque;2023;5;30;15,181425
Cidade;2023;5;30;124,1296875
Oriental;2023;5;31;36,288
ArcaAgua;2023;5;31;10,3359375
Covelo;2023;5;31;17,5415625
SaoRoque;2023;5;31;15,3302625
Cidade;2023;5;31;127,96875
Oriental;2023;6;1;50,274
ArcaAgua;2023;6;1;13,3678125
Covelo;2023;6;1;23,814
SaoRoque;2023;6;1;19,7953875
Cidade;2023;6;1;182,739375
Oriental;2023;6;2;0
ArcaAgua;2023;6;2;14,3325
Covelo;2023;6;2;25,302375
SaoRoque;2023;6;2;20,6288775
Cidade;2023;6;2;173,7815625
Oriental;2023;6;3;51,8616
ArcaAgua;2023;6;3;14,3325
Covelo;2023;6;3;25,5504375
SaoRoque;2023;6;3;20,2121325
Cidade;2023;6;3;180,9478125
Oriental;2023;6;4;52,92
ArcaAgua;2023;6;4;13,0921875
Covelo;2023;6;4;25,302375
SaoRoque;2023;6;4;21,4623675
Cidade;2023;6;4;186,3225
Oriental;2023;6;5;50,8032
ArcaAgua;2023;6;5;13,78125
Covelo;2023;6;5;23,814
SaoRoque;2023;6;5;21,8791125
Cidade;2023;6;5;170,1984375
Oriental;2023;6;6;52,92
ArcaAgua;2023;6;6;13,6434375
Covelo;2023;6;6;23,814
SaoRoque;2023;6;6;20,83725
Cidade;2023;6;6;184,5309375
Oriental;2023;6;7;55,0368
ArcaAgua;2023;6;7;14,4703125
Covelo;2023;6;7;24,310125
SaoRoque;2023;6;7;20,420505
Cidade;2023;6;7;179,15625
Oriental;2023;6;8;51,3324
ArcaAgua;2023;6;8;14,3325
Covelo;2023;6;8;23,5659375
SaoRoque;2023;6;8;20,83725
Cidade;2023;6;8;177,3646875
Oriental;2023;6;9;55,566
ArcaAgua;2023;6;9;13,23
Covelo;2023;6;9;26,0465625
SaoRoque;2023;6;9;21,67074
Cidade;2023;6;9;177,3646875
Oriental;2023;6;10;52,92
ArcaAgua;2023;6;10;13,3678125
Covelo;2023;6;10;26,0465625
SaoRoque;2023;6;10;20,6288775
Cidade;2023;6;10;184,5309375
Oriental;2023;6;11;50,8032
ArcaAgua;2023;6;11;13,9190625
Covelo;2023;6;11;24,80625
SaoRoque;2023;6;11;21,0456225
Cidade;2023;6;11;180,9478125
Oriental;2023;6;12;53,9784
ArcaAgua;2023;6;12;13,23
Covelo;2023;6;12;23,5659375
SaoRoque;2023;6;12;20,00376
Cidade;2023;6;12;175,573125
Oriental;2023;6;13;53,9784
ArcaAgua;2023;6;13;13,6434375
Covelo;2023;6;13;25,5504375
SaoRoque;2023;6;13;21,253995
Cidade;2023;6;13;186,3225
Oriental;2023;6;14;52,3908
ArcaAgua;2023;6;14;13,6434375
Covelo;2023;6;14;24,0620625
SaoRoque;2023;6;14;20,83725
Cidade;2023;6;14;180,9478125
Oriental;2023;6;15;50,274
ArcaAgua;2023;6;15;14,056875
Covelo;2023;6;15;24,0620625
SaoRoque;2023;6;15;21,8791125
Cidade;2023;6;15;180,9478125
Oriental;2023;6;16;51,3324
ArcaAgua;2023;6;16;14,1946875
Covelo;2023;6;16;23,5659375
SaoRoque;2023;6;16;20,83725
Cidade;2023;6;16;175,573125
Oriental;2023;6;17;53,4492
ArcaAgua;2023;6;17;13,23
Covelo;2023;6;17;26,0465625
SaoRoque;2023;6;17;21,67074
Cidade;2023;6;17;170,1984375
Oriental;2023;6;18;52,3908
ArcaAgua;2023;6;18;13,505625
Covelo;2023;6;18;24,310125
SaoRoque;2023;6;18;21,0456225
Cidade;2023;6;18;170,1984375
Oriental;2023;6;19;55,0368
ArcaAgua;2023;6;19;13,3678125
Covelo;2023;6;19;23,814
SaoRoque;2023;6;19;20,2121325
Cidade;2023;6;19;171,99
Oriental;2023;6;20;50,274
ArcaAgua;2023;6;20;13,23
Covelo;2023;6;20;24,0620625
SaoRoque;2023;6;20;21,67074
Cidade;2023;6;20;188,1140625
Oriental;2023;6;21;53,4492
ArcaAgua;2023;6;21;14,056875
Covelo;2023;6;21;25,5504375
SaoRoque;2023;6;21;19,7953875
Cidade;2023;6;21;182,739375
Oriental;2023;6;22;55,566
ArcaAgua;2023;6;22;14,056875
Covelo;2023;6;22;23,814
SaoRoque;2023;6;22;20,420505
Cidade;2023;6;22;175,573125
Oriental;2023;6;23;55,0368
ArcaAgua;2023;6;23;14,056875
Covelo;2023;6;23;25,5504375
SaoRoque;2023;6;23;20,420505
Cidade;2023;6;23;182,739375
Oriental;2023;6;24;53,9784
ArcaAgua;2023;6;24;13,505625
Covelo;2023;6;24;23,5659375
SaoRoque;2023;6;24;20,6288775
Cidade;2023;6;24;180,9478125
Oriental;2023;6;25;53,4492
ArcaAgua;2023;6;25;13,9190625
Covelo;2023;6;25;25,302375
SaoRoque;2023;6;25;21,4623675
Cidade;2023;6;25;180,9478125
Oriental;2023;6;26;55,566
ArcaAgua;2023;6;26;14,056875
Covelo;2023;6;26;25,0543125
SaoRoque;2023;6;26;20,420505
Cidade;2023;6;26;0
Oriental;2023;6;27;55,0368
ArcaAgua;2023;6;27;14,1946875
Covelo;2023;6;27;23,5659375
SaoRoque;2023;6;27;20,83725
Cidade;2023;6;27;922,6546875
Oriental;2023;6;28;51,8616
ArcaAgua;2023;6;28;13,0921875
Covelo;2023;6;28;24,0620625
SaoRoque;2023;6;28;20,00376
Cidade;2023;6;28;171,99
Oriental;2023;6;29;55,0368
ArcaAgua;2023;6;29;14,056875
Covelo;2023;6;29;24,5581875
SaoRoque;2023;6;29;20,00376
Cidade;2023;6;29;188,1140625
Oriental;2023;6;30;55,0368
ArcaAgua;2023;6;30;13,505625
Covelo;2023;6;30;25,302375
SaoRoque;2023;6;30;20,00376
Cidade;2023;6;30;186,3225
Oriental;2023;7;1;66,04416
ArcaAgua;2023;7;1;17,199
Covelo;2023;7;1;32,57060625
SaoRoque;2023;7;1;28,171962
Cidade;2023;7;1;230,5740938
Oriental;2023;7;2;65,40912
ArcaAgua;2023;7;2;17,01984375
Covelo;2023;7;2;33,53805
SaoRoque;2023;7;2;26,81754075
Cidade;2023;7;2;242,21925
Oriental;2023;7;3;61,59888
ArcaAgua;2023;7;3;18,45309375
Covelo;2023;7;3;30,9582
SaoRoque;2023;7;3;27,6301935
Cidade;2023;7;3;232,903125
Oriental;2023;7;4;60,96384
ArcaAgua;2023;7;4;17,199
Covelo;2023;7;4;33,53805
SaoRoque;2023;7;4;27,088425
Cidade;2023;7;4;225,9160313
Oriental;2023;7;5;65,40912
ArcaAgua;2023;7;5;17,01984375
Covelo;2023;7;5;31,92564375
SaoRoque;2023;7;5;26,5466565
Cidade;2023;7;5;223,587
Oriental;2023;7;6;64,77408
ArcaAgua;2023;7;6;17,5573125
Covelo;2023;7;6;31,6031625
SaoRoque;2023;7;6;26,5466565
Cidade;2023;7;6;228,2450625
Oriental;2023;7;7;62,86896
ArcaAgua;2023;7;7;17,01984375
Covelo;2023;7;7;32,8930875
SaoRoque;2023;7;7;28,171962
Cidade;2023;7;7;232,903125
Oriental;2023;7;8;62,23392
ArcaAgua;2023;7;8;17,73646875
Covelo;2023;7;8;153,1785938
SaoRoque;2023;7;8;27,6301935
Cidade;2023;7;8;239,8902188
Oriental;2023;7;9;60,96384
ArcaAgua;2023;7;9;18,45309375
Covelo;2023;7;9;0
SaoRoque;2023;7;9;27,90107775
Cidade;2023;7;9;242,21925
Oriental;2023;7;10;62,86896
ArcaAgua;2023;7;10;18,09478125
Covelo;2023;7;10;33,21556875
SaoRoque;2023;7;10;27,088425
Cidade;2023;7;10;228,2450625
Oriental;2023;7;11;60,3288
ArcaAgua;2023;7;11;17,199
Covelo;2023;7;11;32,248125
SaoRoque;2023;7;11;27,6301935
Cidade;2023;7;11;221,2579688
Oriental;2023;7;12;64,13904
ArcaAgua;2023;7;12;18,09478125
Covelo;2023;7;12;33,21556875
SaoRoque;2023;7;12;28,171962
Cidade;2023;7;12;239,8902188
Oriental;2023;7;13;66,6792
ArcaAgua;2023;7;13;17,5573125
Covelo;2023;7;13;30,63571875
SaoRoque;2023;7;13;28,44284625
Cidade;2023;7;13;242,21925
Oriental;2023;7;14;61,59888
ArcaAgua;2023;7;14;17,01984375
Covelo;2023;7;14;32,57060625
SaoRoque;2023;7;14;26,004888
Cidade;2023;7;14;230,5740938
Oriental;2023;7;15;60,96384
ArcaAgua;2023;7;15;17,915625
Covelo;2023;7;15;32,8930875
SaoRoque;2023;7;15;28,171962
Cidade;2023;7;15;244,5482813
Oriental;2023;7;16;61,59888
ArcaAgua;2023;7;16;18,09478125
Covelo;2023;7;16;31,92564375
SaoRoque;2023;7;16;27,90107775
Cidade;2023;7;16;223,587
Oriental;2023;7;17;65,40912
ArcaAgua;2023;7;17;17,5573125
Covelo;2023;7;17;32,8930875
SaoRoque;2023;7;17;27,35930925
Cidade;2023;7;17;232,903125
Oriental;2023;7;18;64,77408
ArcaAgua;2023;7;18;17,01984375
Covelo;2023;7;18;32,57060625
SaoRoque;2023;7;18;27,6301935
Cidade;2023;7;18;235,2321563
Oriental;2023;7;19;62,86896
ArcaAgua;2023;7;19;17,37815625
Covelo;2023;7;19;33,21556875
SaoRoque;2023;7;19;27,35930925
Cidade;2023;7;19;232,903125
Oriental;2023;7;20;62,23392
ArcaAgua;2023;7;20;18,09478125
Covelo;2023;7;20;31,28068125
SaoRoque;2023;7;20;25,73400375
Cidade;2023;7;20;235,2321563
Oriental;2023;7;21;61,59888
ArcaAgua;2023;7;21;17,73646875
Covelo;2023;7;21;32,248125
SaoRoque;2023;7;21;27,6301935
Cidade;2023;7;21;235,2321563
Oriental;2023;7;22;60,3288
ArcaAgua;2023;7;22;17,01984375
Covelo;2023;7;22;32,8930875
SaoRoque;2023;7;22;27,90107775
Cidade;2023;7;22;242,21925
Oriental;2023;7;23;63,504
ArcaAgua;2023;7;23;17,199
Covelo;2023;7;23;30,9582
SaoRoque;2023;7;23;26,81754075
Cidade;2023;7;23;228,2450625
Oriental;2023;7;24;66,04416
ArcaAgua;2023;7;24;17,5573125
Covelo;2023;7;24;32,57060625
SaoRoque;2023;7;24;27,6301935
Cidade;2023;7;24;221,2579688
Oriental;2023;7;25;66,6792
ArcaAgua;2023;7;25;17,01984375
Covelo;2023;7;25;31,28068125
SaoRoque;2023;7;25;28,44284625
Cidade;2023;7;25;235,2321563
Oriental;2023;7;26;64,77408
ArcaAgua;2023;7;26;17,915625
Covelo;2023;7;26;32,57060625
SaoRoque;2023;7;26;26,81754075
Cidade;2023;7;26;242,21925
Oriental;2023;7;27;60,96384
ArcaAgua;2023;7;27;18,2739375
Covelo;2023;7;27;30,9582
SaoRoque;2023;7;27;25,73400375
Cidade;2023;7;27;223,587
Oriental;2023;7;28;61,59888
ArcaAgua;2023;7;28;17,5573125
Covelo;2023;7;28;30,63571875
SaoRoque;2023;7;28;27,6301935
Cidade;2023;7;28;223,587
Oriental;2023;7;29;66,04416
ArcaAgua;2023;7;29;18,2739375
Covelo;2023;7;29;32,248125
SaoRoque;2023;7;29;26,004888
Cidade;2023;7;29;225,9160313
Oriental;2023;7;30;66,04416
ArcaAgua;2023;7;30;17,915625
Covelo;2023;7;30;31,92564375
SaoRoque;2023;7;30;26,27577225
Cidade;2023;7;30;244,5482813
Oriental;2023;7;31;66,04416
ArcaAgua;2023;7;31;17,5573125
Covelo;2023;7;31;31,92564375
SaoRoque;2023;7;31;26,5466565
Cidade;2023;7;31;225,9160313
Oriental;2023;8;1;63,34524
ArcaAgua;2023;8;1;16,33905
Covelo;2023;8;1;30,63571875
SaoRoque;2023;8;1;28,15841779
Cidade;2023;8;1;223,4705484
Oriental;2023;8;2;57,915648
ArcaAgua;2023;8;2;17,36024063
Covelo;2023;8;2;31,55479031
SaoRoque;2023;8;2;27,87398933
Cidade;2023;8;2;212,40765
Oriental;2023;8;3;61,535376
ArcaAgua;2023;8;3;16,67944688
Covelo;2023;8;3;31,8611475
SaoRoque;2023;8;3;135,1035197
Cidade;2023;8;3;223,4705484
Oriental;2023;8;4;63,34524
ArcaAgua;2023;8;4;16,16885156
Covelo;2023;8;4;30,94207594
SaoRoque;2023;8;4;28,15841779
Cidade;2023;8;4;223,4705484
Oriental;2023;8;5;57,915648
ArcaAgua;2023;8;5;16,67944688
Covelo;2023;8;5;30,32936156
SaoRoque;2023;8;5;28,15841779
Cidade;2023;8;5;210,1950703
Oriental;2023;8;6;62,741952
ArcaAgua;2023;8;6;17,19004219
Covelo;2023;8;6;29,10393281
SaoRoque;2023;8;6;27,58956086
Cidade;2023;8;6;223,4705484
Oriental;2023;8;7;60,932088
ArcaAgua;2023;8;7;17,01984375
Covelo;2023;8;7;31,8611475
SaoRoque;2023;8;7;27,02070394
Cidade;2023;8;7;223,4705484
Oriental;2023;8;8;59,725512
ArcaAgua;2023;8;8;17,01984375
Covelo;2023;8;8;30,02300438
SaoRoque;2023;8;8;28,72727471
Cidade;2023;8;8;219,0453891
Oriental;2023;8;9;59,725512
ArcaAgua;2023;8;9;17,01984375
Covelo;2023;8;9;30,32936156
SaoRoque;2023;8;9;29,5805601
Cidade;2023;8;9;223,4705484
Oriental;2023;8;10;57,31236
ArcaAgua;2023;8;10;17,53043906
Covelo;2023;8;10;29,10393281
SaoRoque;2023;8;10;29,86498856
Cidade;2023;8;10;212,40765
Oriental;2023;8;11;59,725512
ArcaAgua;2023;8;11;16,67944688
Covelo;2023;8;11;31,8611475
SaoRoque;2023;8;11;28,15841779
Cidade;2023;8;11;232,3208672
Oriental;2023;8;12;62,741952
ArcaAgua;2023;8;12;16,84964531
Covelo;2023;8;12;29,71664719
SaoRoque;2023;8;12;28,44284625
Cidade;2023;8;12;216,8328094
Oriental;2023;8;13;60,3288
ArcaAgua;2023;8;13;17,19004219
Covelo;2023;8;13;29,10393281
SaoRoque;2023;8;13;28,44284625
Cidade;2023;8;13;219,0453891
Oriental;2023;8;14;59,725512
ArcaAgua;2023;8;14;17,36024063
Covelo;2023;8;14;32,16750469
SaoRoque;2023;8;14;27,3051324
Cidade;2023;8;14;221,2579688
Oriental;2023;8;15;61,535376
ArcaAgua;2023;8;15;17,01984375
Covelo;2023;8;15;30,63571875
SaoRoque;2023;8;15;29,29613164
Cidade;2023;8;15;227,8957078
Oriental;2023;8;16;57,31236
ArcaAgua;2023;8;16;16,84964531
Covelo;2023;8;16;32,16750469
SaoRoque;2023;8;16;29,29613164
Cidade;2023;8;16;221,2579688
Oriental;2023;8;17;57,915648
ArcaAgua;2023;8;17;16,16885156
Covelo;2023;8;17;32,16750469
SaoRoque;2023;8;17;28,44284625
Cidade;2023;8;17;216,8328094
Oriental;2023;8;18;57,31236
ArcaAgua;2023;8;18;16,33905
Covelo;2023;8;18;30,63571875
SaoRoque;2023;8;18;29,29613164
Cidade;2023;8;18;223,4705484
Oriental;2023;8;19;57,31236
ArcaAgua;2023;8;19;16,67944688
Covelo;2023;8;19;29,41029
SaoRoque;2023;8;19;29,86498856
Cidade;2023;8;19;232,3208672
Oriental;2023;8;20;62,741952
ArcaAgua;2023;8;20;16,33905
Covelo;2023;8;20;31,8611475
SaoRoque;2023;8;20;28,72727471
Cidade;2023;8;20;219,0453891
Oriental;2023;8;21;60,3288
ArcaAgua;2023;8;21;17,53043906
Covelo;2023;8;21;29,10393281
SaoRoque;2023;8;21;29,5805601
Cidade;2023;8;21;214,6202297
Oriental;2023;8;22;59,122224
ArcaAgua;2023;8;22;17,87083594
Covelo;2023;8;22;29,10393281
SaoRoque;2023;8;22;27,02070394
Cidade;2023;8;22;216,8328094
Oriental;2023;8;23;60,932088
ArcaAgua;2023;8;23;16,50924844
Covelo;2023;8;23;31,24843313
SaoRoque;2023;8;23;27,02070394
Cidade;2023;8;23;232,3208672
Oriental;2023;8;24;61,535376
ArcaAgua;2023;8;24;17,19004219
Covelo;2023;8;24;29,41029
SaoRoque;2023;8;24;29,5805601
Cidade;2023;8;24;219,0453891
Oriental;2023;8;25;62,741952
ArcaAgua;2023;8;25;17,01984375
Covelo;2023;8;25;31,8611475
SaoRoque;2023;8;25;27,87398933
Cidade;2023;8;25;219,0453891
Oriental;2023;8;26;59,725512
ArcaAgua;2023;8;26;16,16885156
Covelo;2023;8;26;30,63571875
SaoRoque;2023;8;26;29,29613164
Cidade;2023;8;26;230,1082875
Oriental;2023;8;27;62,138664
ArcaAgua;2023;8;27;16,16885156
Covelo;2023;8;27;31,24843313
SaoRoque;2023;8;27;27,58956086
Cidade;2023;8;27;216,8328094
Oriental;2023;8;28;58,518936
ArcaAgua;2023;8;28;17,87083594
Covelo;2023;8;28;30,32936156
SaoRoque;2023;8;28;29,5805601
Cidade;2023;8;28;227,8957078
Oriental;2023;8;29;61,535376
ArcaAgua;2023;8;29;17,19004219
Covelo;2023;8;29;30,94207594
SaoRoque;2023;8;29;27,3051324
Cidade;2023;8;29;210,1950703
Oriental;2023;8;30;63,34524
ArcaAgua;2023;8;30;17,53043906
Covelo;2023;8;30;30,63571875
SaoRoque;2023;8;30;28,15841779
Cidade;2023;8;30;210,1950703
Oriental;2023;8;31;60,932088
ArcaAgua;2023;8;31;17,01984375
Covelo;2023;8;31;31,55479031
SaoRoque;2023;8;31;27,58956086
Cidade;2023;8;31;221,2579688
Oriental;2023;9;1;47,2977792
ArcaAgua;2023;9;1;11,79475172
Covelo;2023;9;1;21,23055309
SaoRoque;2023;9;1;19,71089245
Cidade;2023;9;1;154,8805781
Oriental;2023;9;2;47,7804096
ArcaAgua;2023;9;2;11,91389063
Covelo;2023;9;2;20,80165303
SaoRoque;2023;9;2;20,50729215
Cidade;2023;9;2;150,2341608
Oriental;2023;9;3;48,7456704
ArcaAgua;2023;9;3;11,31819609
Covelo;2023;9;3;20,37275297
SaoRoque;2023;9;3;19,71089245
Cidade;2023;9;3;147,1365492
Oriental;2023;9;4;48,7456704
ArcaAgua;2023;9;4;12,50958516
Covelo;2023;9;4;20,80165303
SaoRoque;2023;9;4;18,91449276
Cidade;2023;9;4;156,4293839
Oriental;2023;9;5;46,8151488
ArcaAgua;2023;9;5;11,79475172
Covelo;2023;9;5;21,44500313
SaoRoque;2023;9;5;19,51179253
Cidade;2023;9;5;154,8805781
Oriental;2023;9;6;50,1935616
ArcaAgua;2023;9;6;12,15216844
Covelo;2023;9;6;22,51725328
SaoRoque;2023;9;6;20,90549199
Cidade;2023;9;6;151,7829666
Oriental;2023;9;7;48,7456704
ArcaAgua;2023;9;7;11,91389063
Covelo;2023;9;7;20,37275297
SaoRoque;2023;9;7;20,30819222
Cidade;2023;9;7;161,0758013
Oriental;2023;9;8;48,7456704
ArcaAgua;2023;9;8;11,55647391
Covelo;2023;9;8;20,80165303
SaoRoque;2023;9;8;20,30819222
Cidade;2023;9;8;161,0758013
Oriental;2023;9;9;47,7804096
ArcaAgua;2023;9;9;12,50958516
Covelo;2023;9;9;20,587203
SaoRoque;2023;9;9;19,71089245
Cidade;2023;9;9;148,685355
Oriental;2023;9;10;49,2283008
ArcaAgua;2023;9;10;12,03302953
Covelo;2023;9;10;21,44500313
SaoRoque;2023;9;10;19,90999238
Cidade;2023;9;10;159,5269955
Oriental;2023;9;11;48,26304
ArcaAgua;2023;9;11;12,50958516
Covelo;2023;9;11;20,80165303
SaoRoque;2023;9;11;19,90999238
Cidade;2023;9;11;147,1365492
Oriental;2023;9;12;49,7109312
ArcaAgua;2023;9;12;11,79475172
Covelo;2023;9;12;20,80165303
SaoRoque;2023;9;12;19,71089245
Cidade;2023;9;12;161,0758013
Oriental;2023;9;13;46,3325184
ArcaAgua;2023;9;13;11,91389063
Covelo;2023;9;13;20,37275297
SaoRoque;2023;9;13;20,70639207
Cidade;2023;9;13;153,3317723
Oriental;2023;9;14;50,676192
ArcaAgua;2023;9;14;11,55647391
Covelo;2023;9;14;21,87390319
SaoRoque;2023;9;14;18,91449276
Cidade;2023;9;14;151,7829666
Oriental;2023;9;15;47,2977792
ArcaAgua;2023;9;15;11,31819609
Covelo;2023;9;15;20,80165303
SaoRoque;2023;9;15;18,91449276
Cidade;2023;9;15;162,624607
Oriental;2023;9;16;50,676192
ArcaAgua;2023;9;16;11,55647391
Covelo;2023;9;16;20,37275297
SaoRoque;2023;9;16;20,50729215
Cidade;2023;9;16;148,685355
Oriental;2023;9;17;46,3325184
ArcaAgua;2023;9;17;11,55647391
Covelo;2023;9;17;22,08835322
SaoRoque;2023;9;17;19,71089245
Cidade;2023;9;17;159,5269955
Oriental;2023;9;18;47,2977792
ArcaAgua;2023;9;18;12,27130734
Covelo;2023;9;18;21,65945316
SaoRoque;2023;9;18;19,11359268
Cidade;2023;9;18;154,8805781
Oriental;2023;9;19;46,3325184
ArcaAgua;2023;9;19;11,437335
Covelo;2023;9;19;21,65945316
SaoRoque;2023;9;19;19,51179253
Cidade;2023;9;19;162,624607
Oriental;2023;9;20;48,26304
ArcaAgua;2023;9;20;12,15216844
Covelo;2023;9;20;22,08835322
SaoRoque;2023;9;20;19,51179253
Cidade;2023;9;20;153,3317723
Oriental;2023;9;21;47,2977792
ArcaAgua;2023;9;21;11,67561281
Covelo;2023;9;21;21,23055309
SaoRoque;2023;9;21;20,1090923
Cidade;2023;9;21;151,7829666
Oriental;2023;9;22;50,1935616
ArcaAgua;2023;9;22;12,50958516
Covelo;2023;9;22;22,30280325
SaoRoque;2023;9;22;20,70639207
Cidade;2023;9;22;156,4293839
Oriental;2023;9;23;50,676192
ArcaAgua;2023;9;23;11,67561281
Covelo;2023;9;23;22,51725328
SaoRoque;2023;9;23;20,30819222
Cidade;2023;9;23;154,8805781
Oriental;2023;9;24;50,676192
ArcaAgua;2023;9;24;11,79475172
Covelo;2023;9;24;21,01610306
SaoRoque;2023;9;24;19,3126926
Cidade;2023;9;24;159,5269955
Oriental;2023;9;25;49,7109312
ArcaAgua;2023;9;25;11,67561281
Covelo;2023;9;25;21,87390319
SaoRoque;2023;9;25;18,91449276
Cidade;2023;9;25;0
Oriental;2023;9;26;49,2283008
ArcaAgua;2023;9;26;11,91389063
Covelo;2023;9;26;20,37275297
SaoRoque;2023;9;26;0
Cidade;2023;9;26;154,8805781
Oriental;2023;9;27;48,26304
ArcaAgua;2023;9;27;11,91389063
Covelo;2023;9;27;21,01610306
SaoRoque;2023;9;27;20,90549199
Cidade;2023;9;27;151,7829666
Oriental;2023;9;28;241,3152
ArcaAgua;2023;9;28;11,55647391
Covelo;2023;9;28;22,30280325
SaoRoque;2023;9;28;19,71089245
Cidade;2023;9;28;150,2341608
Oriental;2023;9;29;46,3325184
ArcaAgua;2023;9;29;12,03302953
Covelo;2023;9;29;20,37275297
SaoRoque;2023;9;29;19,11359268
Cidade;2023;9;29;157,9781897
Oriental;2023;9;30;45,849888
ArcaAgua;2023;9;30;11,437335
Covelo;2023;9;30;21,01610306
SaoRoque;2023;9;30;20,30819222
Cidade;2023;9;30;147,1365492
Oriental;2023;10;1;32,77060416
ArcaAgua;2023;10;1;8,506517906
Covelo;2023;10;1;14,4110421
SaoRoque;2023;10;1;16,75425858
Cidade;2023;10;1;111,6688968
Oriental;2023;10;2;33,44628672
ArcaAgua;2023;10;2;8,423120672
Covelo;2023;10;2;15,31173223
SaoRoque;2023;10;2;16,58502365
Cidade;2023;10;2;102,9955845
Oriental;2023;10;3;32,0949216
ArcaAgua;2023;10;3;8,339723438
Covelo;2023;10;3;15,7620773
SaoRoque;2023;10;3;16,75425858
Cidade;2023;10;3;113,8372249
Oriental;2023;10;4;32,43276288
ArcaAgua;2023;10;4;8,506517906
Covelo;2023;10;4;14,56115712
SaoRoque;2023;10;4;17,09272845
Cidade;2023;10;4;105,1639125
Oriental;2023;10;5;33,44628672
ArcaAgua;2023;10;5;8,172928969
Covelo;2023;10;5;15,16161721
SaoRoque;2023;10;5;17,60043326
Cidade;2023;10;5;112,7530609
Oriental;2023;10;6;32,77060416
ArcaAgua;2023;10;6;8,089531734
Covelo;2023;10;6;15,01150219
SaoRoque;2023;10;6;17,43119832
Cidade;2023;10;6;105,1639125
Oriental;2023;10;7;35,13549312
ArcaAgua;2023;10;7;8,589915141
Covelo;2023;10;7;15,61196228
SaoRoque;2023;10;7;16,92349352
Cidade;2023;10;7;113,8372249
Oriental;2023;10;8;32,43276288
ArcaAgua;2023;10;8;8,339723438
Covelo;2023;10;8;15,01150219
SaoRoque;2023;10;8;16,75425858
Cidade;2023;10;8;105,1639125
Oriental;2023;10;9;32,43276288
ArcaAgua;2023;10;9;8,673312375
Covelo;2023;10;9;15,61196228
SaoRoque;2023;10;9;16,92349352
Cidade;2023;10;9;113,8372249
Oriental;2023;10;10;34,45981056
ArcaAgua;2023;10;10;7,922737266
Covelo;2023;10;10;14,4110421
SaoRoque;2023;10;10;17,09272845
Cidade;2023;10;10;113,8372249
Oriental;2023;10;11;33,784128
ArcaAgua;2023;10;11;8,256326203
Covelo;2023;10;11;15,61196228
SaoRoque;2023;10;11;16,41578871
Cidade;2023;10;11;109,5005687
Oriental;2023;10;12;34,12196928
ArcaAgua;2023;10;12;8,089531734
Covelo;2023;10;12;15,31173223
SaoRoque;2023;10;12;16,58502365
Cidade;2023;10;12;112,7530609
Oriental;2023;10;13;32,77060416
ArcaAgua;2023;10;13;8,423120672
Covelo;2023;10;13;14,86138717
SaoRoque;2023;10;13;16,24655378
Cidade;2023;10;13;104,0797485
Oriental;2023;10;14;32,77060416
ArcaAgua;2023;10;14;8,339723438
Covelo;2023;10;14;15,61196228
SaoRoque;2023;10;14;16,58502365
Cidade;2023;10;14;104,0797485
Oriental;2023;10;15;35,13549312
ArcaAgua;2023;10;15;8,089531734
Covelo;2023;10;15;14,56115712
SaoRoque;2023;10;15;16,41578871
Cidade;2023;10;15;108,4164047
Oriental;2023;10;16;32,43276288
ArcaAgua;2023;10;16;8,172928969
Covelo;2023;10;16;15,16161721
SaoRoque;2023;10;16;85,46364227
Cidade;2023;10;16;111,6688968
Oriental;2023;10;17;35,13549312
ArcaAgua;2023;10;17;8,756709609
Covelo;2023;10;17;15,61196228
SaoRoque;2023;10;17;17,76966819
Cidade;2023;10;17;104,0797485
Oriental;2023;10;18;32,77060416
ArcaAgua;2023;10;18;8,089531734
Covelo;2023;10;18;15,16161721
SaoRoque;2023;10;18;16,92349352
Cidade;2023;10;18;111,6688968
Oriental;2023;10;19;32,43276288
ArcaAgua;2023;10;19;7,922737266
Covelo;2023;10;19;14,86138717
SaoRoque;2023;10;19;16,24655378
Cidade;2023;10;19;106,2480766
Oriental;2023;10;20;32,0949216
ArcaAgua;2023;10;20;8,339723438
Covelo;2023;10;20;15,01150219
SaoRoque;2023;10;20;16,24655378
Cidade;2023;10;20;102,9955845
Oriental;2023;10;21;33,44628672
ArcaAgua;2023;10;21;8,339723438
Covelo;2023;10;21;15,31173223
SaoRoque;2023;10;21;17,60043326
Cidade;2023;10;21;102,9955845
Oriental;2023;10;22;33,10844544
ArcaAgua;2023;10;22;8,172928969
Covelo;2023;10;22;15,7620773
SaoRoque;2023;10;22;16,58502365
Cidade;2023;10;22;111,6688968
Oriental;2023;10;23;33,44628672
ArcaAgua;2023;10;23;8,172928969
Covelo;2023;10;23;15,61196228
SaoRoque;2023;10;23;17,26196339
Cidade;2023;10;23;110,5847328
Oriental;2023;10;24;175,6774656
ArcaAgua;2023;10;24;8,673312375
Covelo;2023;10;24;14,26092708
SaoRoque;2023;10;24;16,07731884
Cidade;2023;10;24;104,0797485
Oriental;2023;10;25;34,79765184
ArcaAgua;2023;10;25;8,0061345
Covelo;2023;10;25;14,71127214
SaoRoque;2023;10;25;16,41578871
Cidade;2023;10;25;108,4164047
Oriental;2023;10;26;32,77060416
ArcaAgua;2023;10;26;8,673312375
Covelo;2023;10;26;15,01150219
SaoRoque;2023;10;26;17,09272845
Cidade;2023;10;26;109,5005687
Oriental;2023;10;27;34,45981056
ArcaAgua;2023;10;27;8,673312375
Covelo;2023;10;27;15,01150219
SaoRoque;2023;10;27;16,58502365
Cidade;2023;10;27;111,6688968
Oriental;2023;10;28;32,77060416
ArcaAgua;2023;10;28;8,339723438
Covelo;2023;10;28;15,7620773
SaoRoque;2023;10;28;17,43119832
Cidade;2023;10;28;106,2480766
Oriental;2023;10;29;32,0949216
ArcaAgua;2023;10;29;8,256326203
Covelo;2023;10;29;15,16161721
SaoRoque;2023;10;29;17,09272845
Cidade;2023;10;29;111,6688968
Oriental;2023;10;30;32,77060416
ArcaAgua;2023;10;30;8,673312375
Covelo;2023;10;30;0
SaoRoque;2023;10;30;16,58502365
Cidade;2023;10;30;109,5005687
Oriental;2023;10;31;33,10844544
ArcaAgua;2023;10;31;8,172928969
Covelo;2023;10;31;15,31173223
SaoRoque;2023;10;31;17,76966819
Cidade;2023;10;31;104,0797485
Oriental;2023;11;1;26,48675635
ArcaAgua;2023;11;1;6,4049076
Covelo;2023;11;1;12,00920175
SaoRoque;2023;11;1;13,80957071
Cidade;2023;11;1;83,2637988
Oriental;2023;11;2;26,75702938
ArcaAgua;2023;11;2;6,4049076
Covelo;2023;11;2;12,3694778
SaoRoque;2023;11;2;14,21573456
Cidade;2023;11;2;84,13113004
Oriental;2023;11;3;25,9462103
ArcaAgua;2023;11;3;6,805214325
Covelo;2023;11;3;11,52883368
SaoRoque;2023;11;3;14,08034661
Cidade;2023;11;3;84,13113004
Oriental;2023;11;4;27,83812147
ArcaAgua;2023;11;4;6,871932113
Covelo;2023;11;4;11,40874166
SaoRoque;2023;11;4;13,67418276
Cidade;2023;11;4;86,73312375
Oriental;2023;11;5;27,56784845
ArcaAgua;2023;11;5;6,871932113
Covelo;2023;11;5;11,52883368
SaoRoque;2023;11;5;12,99724302
Cidade;2023;11;5;84,13113004
Oriental;2023;11;6;27,56784845
ArcaAgua;2023;11;6;6,805214325
Covelo;2023;11;6;12,60966184
SaoRoque;2023;11;6;12,86185507
Cidade;2023;11;6;84,99846128
Oriental;2023;11;7;26,21648333
ArcaAgua;2023;11;7;6,738496538
Covelo;2023;11;7;12,12929377
SaoRoque;2023;11;7;13,40340687
Cidade;2023;11;7;84,99846128
Oriental;2023;11;8;26,75702938
ArcaAgua;2023;11;8;6,338189813
Covelo;2023;11;8;12,48956982
SaoRoque;2023;11;8;13,40340687
Cidade;2023;11;8;88,46778623
Oriental;2023;11;9;28,37866752
ArcaAgua;2023;11;9;6,605060963
Covelo;2023;11;9;12,3694778
SaoRoque;2023;11;9;14,08034661
Cidade;2023;11;9;84,13113004
Oriental;2023;11;10;25,67593728
ArcaAgua;2023;11;10;6,805214325
Covelo;2023;11;10;11,6489257
SaoRoque;2023;11;10;13,26801892
Cidade;2023;11;10;82,39646756
Oriental;2023;11;11;27,0273024
ArcaAgua;2023;11;11;6,4049076
Covelo;2023;11;11;11,52883368
SaoRoque;2023;11;11;14,08034661
Cidade;2023;11;11;82,39646756
Oriental;2023;11;12;26,48675635
ArcaAgua;2023;11;12;7,005367688
Covelo;2023;11;12;12,48956982
SaoRoque;2023;11;12;13,53879482
Cidade;2023;11;12;88,46778623
Oriental;2023;11;13;27,83812147
ArcaAgua;2023;11;13;6,871932113
Covelo;2023;11;13;11,52883368
SaoRoque;2023;11;13;14,21573456
Cidade;2023;11;13;82,39646756
Oriental;2023;11;14;26,75702938
ArcaAgua;2023;11;14;6,67177875
Covelo;2023;11;14;12,24938579
SaoRoque;2023;11;14;13,53879482
Cidade;2023;11;14;84,13113004
Oriental;2023;11;15;25,9462103
ArcaAgua;2023;11;15;6,805214325
Covelo;2023;11;15;12,00920175
SaoRoque;2023;11;15;14,08034661
Cidade;2023;11;15;84,13113004
Oriental;2023;11;16;27,0273024
ArcaAgua;2023;11;16;7,005367688
Covelo;2023;11;16;11,6489257
SaoRoque;2023;11;16;13,67418276
Cidade;2023;11;16;86,73312375
Oriental;2023;11;17;28,37866752
ArcaAgua;2023;11;17;6,471625388
Covelo;2023;11;17;12,60966184
SaoRoque;2023;11;17;13,40340687
Cidade;2023;11;17;89,33511746
Oriental;2023;11;18;25,67593728
ArcaAgua;2023;11;18;6,4049076
Covelo;2023;11;18;11,40874166
SaoRoque;2023;11;18;13,40340687
Cidade;2023;11;18;84,13113004
Oriental;2023;11;19;28,1083945
ArcaAgua;2023;11;19;6,67177875
Covelo;2023;11;19;11,88910973
SaoRoque;2023;11;19;14,21573456
Cidade;2023;11;19;84,99846128
Oriental;2023;11;20;27,83812147
ArcaAgua;2023;11;20;6,871932113
Covelo;2023;11;20;12,12929377
SaoRoque;2023;11;20;12,99724302
Cidade;2023;11;20;91,06977994
Oriental;2023;11;21;27,56784845
ArcaAgua;2023;11;21;6,338189813
Covelo;2023;11;21;12,00920175
SaoRoque;2023;11;21;13,13263097
Cidade;2023;11;21;82,39646756
Oriental;2023;11;22;27,56784845
ArcaAgua;2023;11;22;6,471625388
Covelo;2023;11;22;12,48956982
SaoRoque;2023;11;22;12,86185507
Cidade;2023;11;22;88,46778623
Oriental;2023;11;23;28,37866752
ArcaAgua;2023;11;23;6,4049076
Covelo;2023;11;23;11,6489257
SaoRoque;2023;11;23;12,99724302
Cidade;2023;11;23;85,86579251
Oriental;2023;11;24;27,0273024
ArcaAgua;2023;11;24;6,4049076
Covelo;2023;11;24;12,3694778
SaoRoque;2023;11;24;13,26801892
Cidade;2023;11;24;88,46778623
Oriental;2023;11;25;27,56784845
ArcaAgua;2023;11;25;6,4049076
Covelo;2023;11;25;12,60966184
SaoRoque;2023;11;25;13,80957071
Cidade;2023;11;25;89,33511746
Oriental;2023;11;26;27,83812147
ArcaAgua;2023;11;26;6,738496538
Covelo;2023;11;26;11,6489257
SaoRoque;2023;11;26;13,13263097
Cidade;2023;11;26;85,86579251
Oriental;2023;11;27;28,37866752
ArcaAgua;2023;11;27;6,871932113
Covelo;2023;11;27;12,24938579
SaoRoque;2023;11;27;13,26801892
Cidade;2023;11;27;84,13113004
Oriental;2023;11;28;27,56784845
ArcaAgua;2023;11;28;6,338189813
Covelo;2023;11;28;11,40874166
SaoRoque;2023;11;28;13,94495866
Cidade;2023;11;28;85,86579251
Oriental;2023;11;29;27,83812147
ArcaAgua;2023;11;29;6,4049076
Covelo;2023;11;29;11,88910973
SaoRoque;2023;11;29;13,80957071
Cidade;2023;11;29;90,2024487
Oriental;2023;11;30;27,29757542
ArcaAgua;2023;11;30;6,67177875
Covelo;2023;11;30;11,88910973
SaoRoque;2023;11;30;13,67418276
Cidade;2023;11;30;88,46778623
Oriental;2023;12;1;21,62184192
ArcaAgua;2023;12;1;5,39079723
Covelo;2023;12;1;9,895582242
SaoRoque;2023;12;1;11,04765657
Cidade;2023;12;1;66,61103904
Oriental;2023;12;2;20,54074982
ArcaAgua;2023;12;2;5,55091992
Covelo;2023;12;2;9,511287786
SaoRoque;2023;12;2;10,72272549
Cidade;2023;12;2;67,99876902
Oriental;2023;12;3;22,70293402
ArcaAgua;2023;12;3;5,55091992
Covelo;2023;12;3;9,991655856
SaoRoque;2023;12;3;10,39779442
Cidade;2023;12;3;72,85582395
Oriental;2023;12;4;20,97318666
ArcaAgua;2023;12;4;5,23067454
Covelo;2023;12;4;9,415214172
SaoRoque;2023;12;4;10,50610478
Cidade;2023;12;4;72,85582395
Oriental;2023;12;5;22,05427876
ArcaAgua;2023;12;5;5,07055185
Covelo;2023;12;5;9,12699333
SaoRoque;2023;12;5;10,28948406
Cidade;2023;12;5;72,85582395
Oriental;2023;12;6;21,18940508
ArcaAgua;2023;12;6;5,60429415
Covelo;2023;12;6;9,12699333
SaoRoque;2023;12;6;10,93934621
Cidade;2023;12;6;68,69263401
Oriental;2023;12;7;21,83806034
ArcaAgua;2023;12;7;5,49754569
Covelo;2023;12;7;9,223066944
SaoRoque;2023;12;7;10,83103585
Cidade;2023;12;7;66,61103904
Oriental;2023;12;8;20,54074982
ArcaAgua;2023;12;8;5,49754569
Covelo;2023;12;8;9,703435014
SaoRoque;2023;12;8;10,39779442
Cidade;2023;12;8;72,16195896
Oriental;2023;12;9;21,18940508
ArcaAgua;2023;12;9;5,39079723
Covelo;2023;12;9;9,895582242
SaoRoque;2023;12;9;11,26427729
Cidade;2023;12;9;71,46809397
Oriental;2023;12;10;22,27049718
ArcaAgua;2023;12;10;5,44417146
Covelo;2023;12;10;9,12699333
SaoRoque;2023;12;10;11,04765657
Cidade;2023;12;10;66,61103904
Oriental;2023;12;11;21,83806034
ArcaAgua;2023;12;11;5,39079723
Covelo;2023;12;11;9,703435014
SaoRoque;2023;12;11;11,15596693
Cidade;2023;12;11;65,91717405
Oriental;2023;12;12;21,83806034
ArcaAgua;2023;12;12;5,337423
Covelo;2023;12;12;9,12699333
SaoRoque;2023;12;12;11,37258764
Cidade;2023;12;12;72,16195896
Oriental;2023;12;13;21,83806034
ArcaAgua;2023;12;13;5,49754569
Covelo;2023;12;13;10,08772947
SaoRoque;2023;12;13;10,39779442
Cidade;2023;12;13;72,16195896
Oriental;2023;12;14;22,70293402
ArcaAgua;2023;12;14;5,55091992
Covelo;2023;12;14;9,415214172
SaoRoque;2023;12;14;10,93934621
Cidade;2023;12;14;66,61103904
Oriental;2023;12;15;21,18940508
ArcaAgua;2023;12;15;5,39079723
Covelo;2023;12;15;9,223066944
SaoRoque;2023;12;15;0
Cidade;2023;12;15;72,85582395
Oriental;2023;12;16;22,70293402
ArcaAgua;2023;12;16;5,17730031
Covelo;2023;12;16;9,703435014
SaoRoque;2023;12;16;11,04765657
Cidade;2023;12;16;71,46809397
Oriental;2023;12;17;22,27049718
ArcaAgua;2023;12;17;5,60429415
Covelo;2023;12;17;9,799508628
SaoRoque;2023;12;17;11,04765657
Cidade;2023;12;17;70,08036399
Oriental;2023;12;18;21,4056235
ArcaAgua;2023;12;18;5,55091992
Covelo;2023;12;18;9,799508628
SaoRoque;2023;12;18;10,28948406
Cidade;2023;12;18;65,91717405
Oriental;2023;12;19;21,18940508
ArcaAgua;2023;12;19;5,07055185
Covelo;2023;12;19;9,6073614
SaoRoque;2023;12;19;11,37258764
Cidade;2023;12;19;70,08036399
Oriental;2023;12;20;21,62184192
ArcaAgua;2023;12;20;5,39079723
Covelo;2023;12;20;9,511287786
SaoRoque;2023;12;20;10,83103585
Cidade;2023;12;20;66,61103904
Oriental;2023;12;21;21,18940508
ArcaAgua;2023;12;21;25,35275925
Covelo;2023;12;21;9,6073614
SaoRoque;2023;12;21;11,37258764
Cidade;2023;12;21;65,91717405
Oriental;2023;12;22;22,05427876
ArcaAgua;2023;12;22;5,44417146
Covelo;2023;12;22;9,319140558
SaoRoque;2023;12;22;10,50610478
Cidade;2023;12;22;67,30490403
Oriental;2023;12;23;20,97318666
ArcaAgua;2023;12;23;5,17730031
Covelo;2023;12;23;9,12699333
SaoRoque;2023;12;23;10,93934621
Cidade;2023;12;23;65,91717405
Oriental;2023;12;24;21,83806034
ArcaAgua;2023;12;24;5,17730031
Covelo;2023;12;24;9,415214172
SaoRoque;2023;12;24;10,72272549
Cidade;2023;12;24;65,91717405
Oriental;2023;12;25;20,75696824
ArcaAgua;2023;12;25;5,55091992
Covelo;2023;12;25;9,703435014
SaoRoque;2023;12;25;10,72272549
Cidade;2023;12;25;70,77422898
Oriental;2023;12;26;20,97318666
ArcaAgua;2023;12;26;5,337423
Covelo;2023;12;26;9,799508628
SaoRoque;2023;12;26;10,28948406
Cidade;2023;12;26;70,77422898
Oriental;2023;12;27;20,75696824
ArcaAgua;2023;12;27;5,60429415
Covelo;2023;12;27;9,12699333
SaoRoque;2023;12;27;10,28948406
Cidade;2023;12;27;70,77422898
Oriental;2023;12;28;21,83806034
ArcaAgua;2023;12;28;5,12392608
Covelo;2023;12;28;9,12699333
SaoRoque;2023;12;28;10,39779442
Cidade;2023;12;28;70,08036399
Oriental;2023;12;29;21,62184192
ArcaAgua;2023;12;29;5,337423
Covelo;2023;12;29;9,319140558
SaoRoque;2023;12;29;10,72272549
Cidade;2023;12;29;65,91717405
Oriental;2023;12;30;22,27049718
ArcaAgua;2023;12;30;5,17730031
Covelo;2023;12;30;9,991655856
SaoRoque;2023;12;30;11,04765657
Cidade;2023;12;30;71,46809397
Oriental;2023;12;31;22,4867156
ArcaAgua;2023;12;31;5,12392608
Covelo;2023;12;31;9,223066944
SaoRoque;2023;12;31;10,50610478
Cidade;2023;12;31;68,69263401
Oriental;2024;1;1;21
ArcaAgua;2024;1;1;4,9
Covelo;2024;1;1;9,45
SaoRoque;2024;1;1;7,28
Cidade;2024;1;1;68,25
Oriental;2024;1;2;19,2
ArcaAgua;2024;1;2;4,95
Covelo;2024;1;2;8,91
SaoRoque;2024;1;2;6,79
Cidade;2024;1;2;65
Oriental;2024;1;3;20,8
ArcaAgua;2024;1;3;5,25
Covelo;2024;1;3;8,73
SaoRoque;2024;1;3;6,65
Cidade;2024;1;3;67,6
Oriental;2024;1;4;19
ArcaAgua;2024;1;4;5,05
Covelo;2024;1;4;8,82
SaoRoque;2024;1;4;6,79
Cidade;2024;1;4;63,7
Oriental;2024;1;5;19
ArcaAgua;2024;1;5;4,8
Covelo;2024;1;5;9,36
SaoRoque;2024;1;5;6,86
Cidade;2024;1;5;66,3
Oriental;2024;1;6;20
ArcaAgua;2024;1;6;4,9
Covelo;2024;1;6;8,64
SaoRoque;2024;1;6;6,86
Cidade;2024;1;6;64,35
Oriental;2024;1;7;20,8
ArcaAgua;2024;1;7;5,15
Covelo;2024;1;7;8,73
SaoRoque;2024;1;7;7,21
Cidade;2024;1;7;64,35
Oriental;2024;1;8;20,2
ArcaAgua;2024;1;8;4,75
Covelo;2024;1;8;8,73
SaoRoque;2024;1;8;6,72
Cidade;2024;1;8;63,05
Oriental;2024;1;9;20
ArcaAgua;2024;1;9;5,1
Covelo;2024;1;9;9,18
SaoRoque;2024;1;9;6,93
Cidade;2024;1;9;65
Oriental;2024;1;10;19,4
ArcaAgua;2024;1;10;5,2
Covelo;2024;1;10;9
SaoRoque;2024;1;10;6,72
Cidade;2024;1;10;66,3
Oriental;2024;1;11;20,4
ArcaAgua;2024;1;11;5,15
Covelo;2024;1;11;9,18
SaoRoque;2024;1;11;6,79
Cidade;2024;1;11;64,35
Oriental;2024;1;12;20,4
ArcaAgua;2024;1;12;5,05
Covelo;2024;1;12;9,09
SaoRoque;2024;1;12;7,28
Cidade;2024;1;12;66,95
Oriental;2024;1;13;19,2
ArcaAgua;2024;1;13;4,85
Covelo;2024;1;13;8,82
SaoRoque;2024;1;13;7,28
Cidade;2024;1;13;65,65
Oriental;2024;1;14;20,4
ArcaAgua;2024;1;14;5,05
Covelo;2024;1;14;9,27
SaoRoque;2024;1;14;6,65
Cidade;2024;1;14;62,4
Oriental;2024;1;15;21
ArcaAgua;2024;1;15;4,85
Covelo;2024;1;15;9,09
SaoRoque;2024;1;15;7
Cidade;2024;1;15;63,05
Oriental;2024;1;16;20
ArcaAgua;2024;1;16;5
Covelo;2024;1;16;8,73
SaoRoque;2024;1;16;6,79
Cidade;2024;1;16;67,6
Oriental;2024;1;17;20
ArcaAgua;2024;1;17;24,5
Covelo;2024;1;17;9,18
SaoRoque;2024;1;17;6,86
Cidade;2024;1;17;61,75
Oriental;2024;1;18;20,2
ArcaAgua;2024;1;18;4,95
Covelo;2024;1;18;8,64
SaoRoque;2024;1;18;7,35
Cidade;2024;1;18;66,95
Oriental;2024;1;19;19
ArcaAgua;2024;1;19;4,9
Covelo;2024;1;19;9,09
SaoRoque;2024;1;19;6,79
Cidade;2024;1;19;63,05
Oriental;2024;1;20;20,6
ArcaAgua;2024;1;20;4,9
Covelo;2024;1;20;8,91
SaoRoque;2024;1;20;7,07
Cidade;2024;1;20;68,25
Oriental;2024;1;21;20,6
ArcaAgua;2024;1;21;5,2
Covelo;2024;1;21;9,27
SaoRoque;2024;1;21;7,21
Cidade;2024;1;21;63,05
Oriental;2024;1;22;21
ArcaAgua;2024;1;22;5,2
Covelo;2024;1;22;9,18
SaoRoque;2024;1;22;7,14
Cidade;2024;1;22;62,4
Oriental;2024;1;23;19,8
ArcaAgua;2024;1;23;5,15
Covelo;2024;1;23;9
SaoRoque;2024;1;23;7,14
Cidade;2024;1;23;62,4
Oriental;2024;1;24;21
ArcaAgua;2024;1;24;5,1
Covelo;2024;1;24;9,27
SaoRoque;2024;1;24;6,72
Cidade;2024;1;24;63,7
Oriental;2024;1;25;19,6
ArcaAgua;2024;1;25;4,85
Covelo;2024;1;25;9,18
SaoRoque;2024;1;25;7
Cidade;2024;1;25;64,35
Oriental;2024;1;26;20,6
ArcaAgua;2024;1;26;4,75
Covelo;2024;1;26;9,18
SaoRoque;2024;1;26;7,35
Cidade;2024;1;26;65,65
Oriental;2024;1;27;19,6
ArcaAgua;2024;1;27;5,15
Covelo;2024;1;27;8,64
SaoRoque;2024;1;27;6,93
Cidade;2024;1;27;63,05
Oriental;2024;1;28;20
ArcaAgua;2024;1;28;0
Covelo;2024;1;28;9,36
SaoRoque;2024;1;28;7
Cidade;2024;1;28;62,4
Oriental;2024;1;29;20
ArcaAgua;2024;1;29;4,95
Covelo;2024;1;29;9,09
SaoRoque;2024;1;29;7,21
Cidade;2024;1;29;63,05
Oriental;2024;1;30;19,2
ArcaAgua;2024;1;30;5,25
Covelo;2024;1;30;9,27
SaoRoque;2024;1;30;7,07
Cidade;2024;1;30;65,65
Oriental;2024;1;31;20,8
ArcaAgua;2024;1;31;4,95
Covelo;2024;1;31;9,27
SaoRoque;2024;1;31;7,07
Cidade;2024;1;31;67,6
Oriental;2024;2;1;21,63
ArcaAgua;2024;2;1;5,355
Covelo;2024;2;1;9,828
SaoRoque;2024;2;1;7,5705
Cidade;2024;2;1;71,6625
Oriental;2024;2;2;21,21
ArcaAgua;2024;2;2;5,46
Covelo;2024;2;2;9,9225
SaoRoque;2024;2;2;7,2765
Cidade;2024;2;2;67,5675
Oriental;2024;2;3;20,58
ArcaAgua;2024;2;3;5,04
Covelo;2024;2;3;9,639
SaoRoque;2024;2;3;7,4235
Cidade;2024;2;3;64,8375
Oriental;2024;2;4;21
ArcaAgua;2024;2;4;5,04
Covelo;2024;2;4;9,5445
SaoRoque;2024;2;4;7,203
Cidade;2024;2;4;66,2025
Oriental;2024;2;5;20,16
ArcaAgua;2024;2;5;5,4075
Covelo;2024;2;5;9,828
SaoRoque;2024;2;5;7,2765
Cidade;2024;2;5;68,9325
Oriental;2024;2;6;21
ArcaAgua;2024;2;6;5,355
Covelo;2024;2;6;9,45
SaoRoque;2024;2;6;7,7175
Cidade;2024;2;6;65,52
Oriental;2024;2;7;21,21
ArcaAgua;2024;2;7;5,25
Covelo;2024;2;7;9,828
SaoRoque;2024;2;7;7,644
Cidade;2024;2;7;70,98
Oriental;2024;2;8;21,21
ArcaAgua;2024;2;8;5,5125
Covelo;2024;2;8;9,261
SaoRoque;2024;2;8;7,203
Cidade;2024;2;8;64,8375
Oriental;2024;2;9;20,16
ArcaAgua;2024;2;9;4,9875
Covelo;2024;2;9;9,1665
SaoRoque;2024;2;9;7,644
Cidade;2024;2;9;66,2025
Oriental;2024;2;10;21
ArcaAgua;2024;2;10;5,3025
Covelo;2024;2;10;9,1665
SaoRoque;2024;2;10;7,203
Cidade;2024;2;10;66,885
Oriental;2024;2;11;20,37
ArcaAgua;2024;2;11;5,46
Covelo;2024;2;11;8,9775
SaoRoque;2024;2;11;7,497
Cidade;2024;2;11;68,9325
Oriental;2024;2;12;21
ArcaAgua;2024;2;12;5,1975
Covelo;2024;2;12;9,3555
SaoRoque;2024;2;12;6,9825
Cidade;2024;2;12;67,5675
Oriental;2024;2;13;20,37
ArcaAgua;2024;2;13;5,5125
Covelo;2024;2;13;9,5445
SaoRoque;2024;2;13;7,2765
Cidade;2024;2;13;64,8375
Oriental;2024;2;14;20,37
ArcaAgua;2024;2;14;5,04
Covelo;2024;2;14;9,828
SaoRoque;2024;2;14;7,2765
Cidade;2024;2;14;70,2975
Oriental;2024;2;15;20,37
ArcaAgua;2024;2;15;5,0925
Covelo;2024;2;15;9,261
SaoRoque;2024;2;15;7,5705
Cidade;2024;2;15;70,2975
Oriental;2024;2;16;21,84
ArcaAgua;2024;2;16;5,145
Covelo;2024;2;16;9,9225
SaoRoque;2024;2;16;7,644
Cidade;2024;2;16;68,25
Oriental;2024;2;17;20,79
ArcaAgua;2024;2;17;5,1975
Covelo;2024;2;17;9,3555
SaoRoque;2024;2;17;7,1295
Cidade;2024;2;17;66,885
Oriental;2024;2;18;20,79
ArcaAgua;2024;2;18;5,25
Covelo;2024;2;18;9,5445
SaoRoque;2024;2;18;7,4235
Cidade;2024;2;18;66,885
Oriental;2024;2;19;20,37
ArcaAgua;2024;2;19;4,9875
Covelo;2024;2;19;9,828
SaoRoque;2024;2;19;7,056
Cidade;2024;2;19;68,9325
Oriental;2024;2;20;20,79
ArcaAgua;2024;2;20;5,4075
Covelo;2024;2;20;9,261
SaoRoque;2024;2;20;7,1295
Cidade;2024;2;20;70,98
Oriental;2024;2;21;21,84
ArcaAgua;2024;2;21;5,25
Covelo;2024;2;21;9,5445
SaoRoque;2024;2;21;7,644
Cidade;2024;2;21;66,2025
Oriental;2024;2;22;21,63
ArcaAgua;2024;2;22;5,5125
Covelo;2024;2;22;9,9225
SaoRoque;2024;2;22;7,497
Cidade;2024;2;22;69,615
Oriental;2024;2;23;20,79
ArcaAgua;2024;2;23;5,25
Covelo;2024;2;23;9,828
SaoRoque;2024;2;23;7,056
Cidade;2024;2;23;65,52
Oriental;2024;2;24;21,42
ArcaAgua;2024;2;24;5,4075
Covelo;2024;2;24;9,5445
SaoRoque;2024;2;24;7,4235
Cidade;2024;2;24;71,6625
Oriental;2024;2;25;20,16
ArcaAgua;2024;2;25;5,1975
Covelo;2024;2;25;9,7335
SaoRoque;2024;2;25;7,35
Cidade;2024;2;25;67,5675
Oriental;2024;2;26;21,21
ArcaAgua;2024;2;26;5,1975
Covelo;2024;2;26;9,3555
SaoRoque;2024;2;26;7,4235
Cidade;2024;2;26;70,98
Oriental;2024;2;27;20,16
ArcaAgua;2024;2;27;5,4075
Covelo;2024;2;27;9,7335
SaoRoque;2024;2;27;7,1295
Cidade;2024;2;27;64,8375
Oriental;2024;2;28;20,58
ArcaAgua;2024;2;28;5,04
Covelo;2024;2;28;9,7335
SaoRoque;2024;2;28;7,203
Cidade;2024;2;28;68,25
Oriental;2024;2;29;20,79
ArcaAgua;2024;2;29;5,5125
Covelo;2024;2;29;9,072
SaoRoque;2024;2;29;7,7175
Cidade;2024;2;29;66,885
Oriental;2024;3;1;24,192
ArcaAgua;2024;3;1;6,363
Covelo;2024;3;1;11,1132
SaoRoque;2024;3;1;8,6436
Cidade;2024;3;1;85,995
Oriental;2024;3;2;26,46
ArcaAgua;2024;3;2;5,985
Covelo;2024;3;2;10,8864
SaoRoque;2024;3;2;8,6436
Cidade;2024;3;2;83,538
Oriental;2024;3;3;26,46
ArcaAgua;2024;3;3;6,615
Covelo;2024;3;3;11,4534
SaoRoque;2024;3;3;9,261
Cidade;2024;3;3;80,262
Oriental;2024;3;4;25,452
ArcaAgua;2024;3;4;6,363
Covelo;2024;3;4;11,6802
SaoRoque;2024;3;4;8,82
Cidade;2024;3;4;84,357
Oriental;2024;3;5;25,956
ArcaAgua;2024;3;5;6,111
Covelo;2024;3;5;11,1132
SaoRoque;2024;3;5;8,7318
Cidade;2024;3;5;85,995
Oriental;2024;3;6;26,208
ArcaAgua;2024;3;6;6,489
Covelo;2024;3;6;10,9998
SaoRoque;2024;3;6;9,261
Cidade;2024;3;6;84,357
Oriental;2024;3;7;24,696
ArcaAgua;2024;3;7;6,174
Covelo;2024;3;7;11,4534
SaoRoque;2024;3;7;8,9082
Cidade;2024;3;7;85,176
Oriental;2024;3;8;24,444
ArcaAgua;2024;3;8;6,237
Covelo;2024;3;8;11,5668
SaoRoque;2024;3;8;8,9964
Cidade;2024;3;8;413,595
Oriental;2024;3;9;25,704
ArcaAgua;2024;3;9;6,489
Covelo;2024;3;9;11,907
SaoRoque;2024;3;9;8,379
Cidade;2024;3;9;85,176
Oriental;2024;3;10;24,948
ArcaAgua;2024;3;10;6,111
Covelo;2024;3;10;11,7936
SaoRoque;2024;3;10;8,6436
Cidade;2024;3;10;85,995
Oriental;2024;3;11;24,948
ArcaAgua;2024;3;11;6,111
Covelo;2024;3;11;11,2266
SaoRoque;2024;3;11;9,1728
Cidade;2024;3;11;80,262
Oriental;2024;3;12;25,704
ArcaAgua;2024;3;12;6,3
Covelo;2024;3;12;10,773
SaoRoque;2024;3;12;9,261
Cidade;2024;3;12;81,081
Oriental;2024;3;13;25,704
ArcaAgua;2024;3;13;6,552
Covelo;2024;3;13;10,773
SaoRoque;2024;3;13;8,9082
Cidade;2024;3;13;80,262
Oriental;2024;3;14;26,46
ArcaAgua;2024;3;14;6,111
Covelo;2024;3;14;10,8864
SaoRoque;2024;3;14;9,0846
Cidade;2024;3;14;81,081
Oriental;2024;3;15;24,696
ArcaAgua;2024;3;15;6,552
Covelo;2024;3;15;11,4534
SaoRoque;2024;3;15;8,9964
Cidade;2024;3;15;77,805
Oriental;2024;3;16;24,948
ArcaAgua;2024;3;16;6,174
Covelo;2024;3;16;11,34
SaoRoque;2024;3;16;8,379
Cidade;2024;3;16;82,719
Oriental;2024;3;17;24,948
ArcaAgua;2024;3;17;6,615
Covelo;2024;3;17;11,1132
SaoRoque;2024;3;17;8,5554
Cidade;2024;3;17;78,624
Oriental;2024;3;18;24,948
ArcaAgua;2024;3;18;6,111
Covelo;2024;3;18;10,8864
SaoRoque;2024;3;18;9,0846
Cidade;2024;3;18;81,9
Oriental;2024;3;19;24,948
ArcaAgua;2024;3;19;6,615
Covelo;2024;3;19;11,1132
SaoRoque;2024;3;19;8,82
Cidade;2024;3;19;81,081
Oriental;2024;3;20;25,704
ArcaAgua;2024;3;20;6,426
Covelo;2024;3;20;10,773
SaoRoque;2024;3;20;8,7318
Cidade;2024;3;20;83,538
Oriental;2024;3;21;23,94
ArcaAgua;2024;3;21;6,552
Covelo;2024;3;21;11,4534
SaoRoque;2024;3;21;8,4672
Cidade;2024;3;21;85,995
Oriental;2024;3;22;25,956
ArcaAgua;2024;3;22;6,426
Covelo;2024;3;22;11,5668
SaoRoque;2024;3;22;9,1728
Cidade;2024;3;22;79,443
Oriental;2024;3;23;25,704
ArcaAgua;2024;3;23;6,363
Covelo;2024;3;23;10,9998
SaoRoque;2024;3;23;8,379
Cidade;2024;3;23;84,357
Oriental;2024;3;24;25,452
ArcaAgua;2024;3;24;6,363
Covelo;2024;3;24;11,7936
SaoRoque;2024;3;24;43,659
Cidade;2024;3;24;78,624
Oriental;2024;3;25;25,2
ArcaAgua;2024;3;25;6,174
Covelo;2024;3;25;10,9998
SaoRoque;2024;3;25;8,7318
Cidade;2024;3;25;85,176
Oriental;2024;3;26;25,704
ArcaAgua;2024;3;26;6,174
Covelo;2024;3;26;11,6802
SaoRoque;2024;3;26;8,7318
Cidade;2024;3;26;78,624
Oriental;2024;3;27;25,704
ArcaAgua;2024;3;27;6,3
Covelo;2024;3;27;11,7936
SaoRoque;2024;3;27;8,9964
Cidade;2024;3;27;85,176
Oriental;2024;3;28;25,704
ArcaAgua;2024;3;28;6,363
Covelo;2024;3;28;11,907
SaoRoque;2024;3;28;8,7318
Cidade;2024;3;28;83,538
Oriental;2024;3;29;25,2
ArcaAgua;2024;3;29;6,048
Covelo;2024;3;29;11,34
SaoRoque;2024;3;29;9,1728
Cidade;2024;3;29;79,443
Oriental;2024;3;30;24,444
ArcaAgua;2024;3;30;6,426
Covelo;2024;3;30;10,773
SaoRoque;2024;3;30;8,7318
Cidade;2024;3;30;85,995
Oriental;2024;3;31;24,444
ArcaAgua;2024;3;31;6,489
Covelo;2024;3;31;11,6802
SaoRoque;2024;3;31;9,0846
Cidade;2024;3;31;79,443
