1;2;277
1;3;890
1;4;941
1;5;910
2;3;174
2;4;689
2;5;777
2;6;925
3;4;666
3;5;153
3;6;985
3;7;383
4;5;836
4;6;836
4;7;445
4;8;520
5;6;119
5;7;315
5;8;450
5;9;551
6;7;905
6;8;562
6;9;841
6;10;978
7;8;116
7;9;870
7;10;164
7;11;165
8;9;743
8;10;373
8;11;335
8;12;716
9;10;905
9;11;875
9;12;751
9;13;857
10;11;162
10;12;758
10;13;566
10;14;728
11;12;569
11;13;850
11;14;221
11;15;104
12;13;285
12;14;912
12;15;684
12;16;599
13;14;312
13;15;728
13;16;795
13;17;367
14;15;309
14;16;941
14;17;663
14;18;645
15;16;555
15;17;354
15;18;483
15;19;672
16;17;466
16;18;108
16;19;962
16;20;494
17;18;716
17;19;770
17;20;156
17;21;849
18;19;632
18;20;634
18;21;982
18;22;243
19;20;860
19;21;194
19;22;518
19;23;657
20;21;495
20;22;263
20;23;696
20;24;277
21;22;732
21;23;732
21;24;436
21;25;993
22;23;853
22;24;567
22;25;422
22;26;249
23;24;173
23;25;824
23;26;368
23;27;355
24;25;552
24;26;769
24;27;220
24;28;208
25;26;775
25;27;183
25;28;210
25;29;706
26;27;871
26;28;451
26;29;202
26;30;699
27;28;265
27;29;744
27;30;490
27;31;689
28;29;183
28;30;781
28;31;241
28;32;415
29;30;409
29;31;191
29;32;756
29;33;337
30;31;704
30;32;639
30;33;291
30;34;105
31;32;884
31;33;271
31;34;149
31;35;501
32;33;713
32;34;514
32;35;728
32;36;508
33;34;898
33;35;789
33;36;129
33;37;346
34;35;778
34;36;639
34;37;817
34;38;896
35;36;347
35;37;227
35;38;942
35;39;894
36;37;844
36;38;760
36;39;998
36;40;333
37;38;905
37;39;299
37;40;978
37;41;676
38;39;769
38;40;614
38;41;431
38;42;637
39;40;955
39;41;261
39;42;399
39;43;984
40;41;843
40;42;276
40;43;397
40;44;656
41;42;495
41;43;160
41;44;624
41;45;472
42;43;375
42;44;109
42;45;457
42;46;903
43;44;993
43;45;640
43;46;657
43;47;917
44;45;644
44;46;751
44;47;114
44;48;373
45;46;582
45;47;390
45;48;845
45;49;492
46;47;198
46;48;324
46;49;385
46;50;890
47;48;767
47;49;898
47;50;673
47;51;914
48;49;929
48;50;309
48;51;749
48;52;444
49;50;829
49;51;719
49;52;532
49;53;193
50;51;746
50;52;275
50;53;351
50;54;274
51;52;316
51;53;265
51;54;720
51;55;831
52;53;120
52;54;263
52;55;954
52;56;939
53;54;636
53;55;213
53;56;633
53;57;649
54;55;123
54;56;500
54;57;504
54;58;304
55;56;954
55;57;388
55;58;396
55;59;199
56;57;216
56;58;997
56;59;993
56;60;608
57;58;662
57;59;461
57;60;715
57;61;790
58;59;948
58;60;182
58;61;499
58;62;853
59;60;970
59;61;647
59;62;394
59;63;720
60;61;992
60;62;571
60;63;704
60;64;347
61;62;535
61;63;449
61;64;893
61;65;218
62;63;211
62;64;172
62;65;328
62;66;460
63;64;334
63;65;197
63;66;543
63;67;327
64;65;828
64;66;188
64;67;907
64;68;999
65;66;796
65;67;243
65;68;290
65;69;663
66;67;150
66;68;370
66;69;371
66;70;441
67;68;670
67;69;902
67;70;935
67;71;131
68;69;411
68;70;472
68;71;786
68;72;884
69;70;981
69;71;191
69;72;479
69;73;950
70;71;293
70;72;512
70;73;984
70;74;491
71;72;582
71;73;332
71;74;217
71;75;309
72;73;750
72;74;887
72;75;414
72;76;499
73;74;300
73;75;502
73;76;384
73;77;297
74;75;272
74;76;923
74;77;143
74;78;273
75;76;460
75;77;206
75;78;885
75;79;184
76;77;663
76;78;849
76;79;645
76;80;237
77;78;632
77;79;710
77;80;912
77;81;835
78;79;417
78;80;859
78;81;297
78;82;850
79;80;796
79;81;428
79;82;190
79;83;907
80;81;500
80;82;303
80;83;720
80;84;815
81;82;370
81;83;801
81;84;547
81;85;702
82;83;846
82;84;459
82;85;469
82;86;1000
83;84;764
83;85;728
83;86;334
83;87;462
84;85;321
84;86;746
84;87;756
84;88;105
85;86;736
85;87;605
85;88;448
85;89;923
86;87;665
86;88;798
86;89;865
86;90;355
87;88;332
87;89;765
87;90;668
87;91;160
88;89;818
88;90;453
88;91;945
88;92;661
89;90;997
89;91;807
89;92;688
89;93;359
90;91;755
90;92;775
90;93;339
90;94;999
91;92;762
91;93;901
91;94;399
91;95;621
92;93;759
92;94;942
92;95;236
92;96;204
93;94;273
93;95;621
93;96;642
93;97;764
94;95;766
94;96;291
94;97;777
94;98;488
95;96;780
95;97;326
95;98;297
95;99;588
96;97;653
96;98;554
96;99;899
96;100;267
97;98;921
97;99;859
97;100;343
97;101;266
98;99;117
98;100;124
98;101;755
98;102;607
99;100;884
99;101;303
99;102;267
99;103;505
100;101;183
100;102;158
100;103;855
100;104;160
101;102;251
101;103;286
101;104;786
101;105;882
102;103;546
102;104;609
102;105;853
102;106;714
103;104;904
103;105;358
103;106;735
103;107;752
104;105;628
104;106;149
104;107;792
104;108;160
105;106;772
105;107;534
105;108;338
105;109;837
106;107;960
106;108;696
106;109;372
106;110;740
107;108;726
107;109;820
107;110;696
107;111;559
108;109;156
108;110;439
108;111;380
108;112;307
109;110;697
109;111;335
109;112;811
109;113;474
110;111;752
110;112;482
110;113;621
110;114;831
111;112;353
111;113;303
111;114;723
111;115;145
112;113;134
112;114;956
112;115;656
112;116;754
113;114;346
113;115;983
113;116;534
113;117;478
114;115;237
114;116;495
114;117;284
114;118;595
115;116;735
115;117;745
115;118;150
115;119;771
116;117;250
116;118;436
116;119;936
116;120;854
117;118;712
117;119;341
117;120;762
117;121;909
118;119;172
118;120;725
118;121;642
118;122;490
119;120;179
119;121;983
119;122;920
119;123;751
120;121;422
120;122;884
120;123;548
120;124;650
121;122;862
121;123;971
121;124;822
121;125;833
122;123;733
122;124;477
122;125;222
122;126;557
123;124;959
123;125;546
123;126;690
123;127;521
124;125;645
124;126;215
124;127;317
124;128;554
125;126;303
125;127;861
125;128;834
125;129;572
126;127;317
126;128;405
126;129;873
126;130;428
127;128;419
127;129;789
127;130;116
127;131;125
128;129;318
128;130;287
128;131;742
128;132;363
129;130;194
129;131;298
129;132;831
129;133;355
130;131;421
130;132;165
130;133;993
130;134;119
131;132;428
131;133;134
131;134;247
131;135;777
132;133;295
132;134;580
132;135;387
132;136;690
133;134;980
133;135;223
133;136;348
133;137;716
134;135;765
134;136;624
134;137;869
134;138;358
135;136;554
135;137;995
135;138;339
135;139;641
136;137;846
136;138;578
136;139;890
136;140;268
137;138;172
137;139;958
137;140;622
137;141;256
138;139;491
138;140;798
138;141;153
138;142;733
139;140;400
139;141;583
139;142;518
139;143;565
140;141;721
140;142;487
140;143;667
140;144;417
141;142;995
141;143;468
141;144;315
141;145;654
142;143;620
142;144;118
142;145;212
142;146;947
143;144;256
143;145;368
143;146;567
143;147;193
144;145;813
144;146;649
144;147;941
144;148;517
145;146;775
145;147;767
145;148;870
145;149;592
146;147;553
146;148;168
146;149;767
146;150;987
147;148;497
147;149;656
147;150;685
147;151;332
148;149;728
148;150;444
148;151;474
148;152;679
149;150;151
149;151;962
149;152;756
149;153;942
150;151;800
150;152;233
150;153;900
150;154;571
151;152;913
151;153;686
151;154;246
151;155;680
152;153;734
152;154;318
152;155;184
152;156;874
153;154;780
153;155;426
153;156;296
153;157;708
154;155;736
154;156;354
154;157;642
154;158;368
155;156;785
155;157;946
155;158;486
155;159;616
156;157;524
156;158;231
156;159;336
156;160;619
157;158;339
157;159;356
157;160;735
157;161;617
158;159;219
158;160;859
158;161;760
158;162;269
159;160;540
159;161;674
159;162;462
159;163;907
160;161;462
160;162;564
160;163;111
160;164;692
161;162;405
161;163;754
161;164;406
161;165;408
162;163;944
162;164;695
162;165;865
162;166;422
163;164;699
163;165;965
163;166;434
163;167;459
164;165;899
164;166;217
164;167;242
164;168;717
165;166;729
165;167;725
165;168;677
165;169;751
166;167;353
166;168;120
166;169;898
166;170;116
167;168;911
167;169;276
167;170;163
167;171;596
168;169;292
168;170;174
168;171;296
168;172;426
169;170;340
169;171;631
169;172;798
169;173;578
170;171;743
170;172;425
170;173;576
170;174;696
171;172;126
171;173;215
171;174;495
171;175;575
172;173;961
172;174;619
172;175;857
172;176;637
173;174;513
173;175;308
173;176;938
173;177;849
174;175;618
174;176;688
174;177;588
174;178;789
175;176;500
175;177;748
175;178;576
175;179;920
176;177;810
176;178;577
176;179;994
176;180;132
177;178;628
177;179;654
177;180;716
177;181;810
178;179;358
178;180;602
178;181;741
178;182;730
179;180;886
179;181;740
179;182;757
179;183;930
180;181;216
180;182;573
180;183;353
180;184;428
181;182;717
181;183;332
181;184;367
181;185;300
182;183;889
182;184;739
182;185;159
182;186;158
183;184;485
183;185;760
183;186;135
183;187;826
184;185;460
184;186;839
184;187;385
184;188;198
185;186;502
185;187;337
185;188;617
185;189;463
186;187;170
186;188;845
186;189;587
186;190;430
187;188;383
187;189;119
187;190;675
187;191;240
188;189;368
188;190;104
188;191;673
188;192;334
189;190;226
189;191;429
189;192;501
189;193;443
190;191;530
190;192;802
190;193;898
190;194;895
191;192;794
191;193;202
191;194;990
191;195;585
192;193;649
192;194;653
192;195;120
192;196;840
193;194;267
193;195;550
193;196;933
193;197;896
194;195;150
194;196;298
194;197;137
194;198;332
195;196;811
195;197;465
195;198;846
195;199;574
196;197;887
196;198;845
196;199;914
196;200;300
197;198;484
197;199;671
197;200;697
197;201;301
198;199;448
198;200;956
198;201;307
198;202;282
199;200;977
199;201;561
199;202;101
199;203;526
200;201;315
200;202;632
200;203;492
200;204;584
201;202;510
201;203;464
201;204;583
201;205;630
202;203;435
202;204;405
202;205;896
202;206;392
203;204;710
203;205;699
203;206;428
203;207;785
204;205;423
204;206;997
204;207;718
204;208;967
205;206;790
205;207;726
205;208;589
205;209;882
206;207;946
206;208;942
206;209;464
206;210;315
207;208;390
207;209;445
207;210;337
207;211;706
208;209;525
208;210;958
208;211;677
208;212;118
209;210;116
209;211;468
209;212;511
209;213;693
210;211;765
210;212;845
210;213;956
210;214;422
211;212;287
211;213;201
211;214;364
211;215;794
212;213;197
212;214;235
212;215;325
212;216;111
213;214;336
213;215;435
213;216;335
213;217;480
214;215;320
214;216;176
214;217;631
214;218;310
215;216;288
215;217;246
215;218;339
215;219;561
216;217;978
216;218;355
216;219;963
216;220;684
217;218;730
217;219;541
217;220;572
217;221;764
218;219;728
218;220;189
218;221;813
218;222;639
219;220;662
219;221;301
219;222;334
219;223;854
220;221;651
220;222;237
220;223;846
220;224;350
221;222;215
221;223;858
221;224;797
221;225;410
222;223;204
222;224;724
222;225;335
222;226;671
223;224;382
223;225;373
223;226;293
223;227;149
224;225;836
224;226;296
224;227;541
224;228;525
225;226;462
225;227;503
225;228;886
225;229;921
226;227;283
226;228;749
226;229;334
226;230;794
227;228;959
227;229;635
227;230;804
227;231;948
228;229;679
228;230;488
228;231;843
228;232;901
229;230;629
229;231;610
229;232;877
229;233;267
230;231;939
230;232;327
230;233;483
230;234;420
231;232;389
231;233;675
231;234;386
231;235;432
232;233;567
232;234;677
232;235;142
232;236;832
233;234;745
233;235;345
233;236;597
233;237;488
234;235;497
234;236;752
234;237;841
234;238;791
235;236;197
235;237;458
235;238;929
235;239;844
236;237;899
236;238;201
236;239;166
236;240;102
237;238;117
237;239;497
237;240;356
237;241;679
238;239;669
238;240;193
238;241;202
238;242;626
239;240;448
239;241;310
239;242;372
239;243;381
240;241;867
240;242;113
240;243;792
240;244;716
241;242;959
241;243;328
241;244;178
241;245;230
242;243;999
242;244;355
242;245;413
242;246;956
243;244;896
243;245;631
243;246;865
243;247;766
244;245;882
244;246;813
244;247;232
244;248;380
245;246;793
245;247;947
245;248;905
245;249;247
246;247;399
246;248;694
246;249;810
246;250;795
247;248;958
247;249;549
247;250;153
247;251;617
248;249;790
248;250;284
248;251;920
248;252;328
249;250;490
249;251;672
249;252;203
249;253;790
250;251;640
250;252;581
250;253;222
250;254;440
251;252;525
251;253;785
251;254;467
251;255;456
252;253;987
252;254;549
252;255;997
252;256;132
253;254;846
253;255;834
253;256;948
253;257;390
254;255;609
254;256;146
254;257;286
254;258;231
255;256;382
255;257;162
255;258;611
255;259;863
256;257;968
256;258;780
256;259;726
256;260;617
257;258;158
257;259;542
257;260;280
257;261;790
258;259;256
258;260;762
258;261;847
258;262;148
259;260;514
259;261;759
259;262;928
259;263;158
260;261;643
260;262;959
260;263;506
260;264;304
261;262;796
261;263;471
261;264;112
261;265;777
262;263;451
262;264;157
262;265;357
262;266;981
263;264;143
263;265;781
263;266;375
263;267;889
264;265;533
264;266;248
264;267;171
264;268;312
265;266;435
265;267;954
265;268;352
265;269;539
266;267;697
266;268;767
266;269;672
266;270;424
267;268;413
267;269;576
267;270;154
267;271;284
268;269;758
268;270;340
268;271;416
268;272;726
269;270;795
269;271;981
269;272;856
269;273;542
270;271;786
270;272;948
270;273;464
270;274;112
271;272;101
271;273;613
271;274;546
271;275;130
272;273;708
272;274;255
272;275;644
272;276;653
273;274;387
273;275;912
273;276;173
273;277;188
274;275;558
274;276;473
274;277;787
274;278;250
275;276;527
275;277;264
275;278;938
275;279;989
276;277;139
276;278;942
276;279;449
276;280;418
277;278;510
277;279;250
277;280;769
277;281;220
278;279;845
278;280;798
278;281;542
278;282;477
279;280;133
279;281;254
279;282;519
279;283;342
280;281;908
280;282;505
280;283;962
280;284;705
281;282;790
281;283;134
281;284;223
281;285;837
282;283;884
282;284;396
282;285;615
282;286;609
283;284;252
283;285;181
283;286;150
283;287;849
284;285;834
284;286;452
284;287;130
284;288;156
285;286;918
285;287;189
285;288;564
285;289;455
286;287;753
286;288;889
286;289;146
286;290;839
287;288;781
287;289;989
287;290;286
287;291;440
288;289;426
288;290;255
288;291;680
288;292;201
289;290;473
289;291;636
289;292;245
289;293;970
290;291;916
290;292;302
290;293;179
290;294;516
291;292;506
291;293;939
291;294;945
291;295;817
292;293;808
292;294;844
292;295;987
292;296;372
293;294;721
293;295;682
293;296;281
293;297;812
294;295;892
294;296;843
294;297;460
294;298;480
295;296;347
295;297;379
295;298;553
295;299;275
296;297;752
296;298;131
296;299;804
296;300;284
297;298;109
297;299;477
297;300;943
297;301;607
298;299;280
298;300;948
298;301;223
298;302;380
299;300;121
299;301;607
299;302;405
299;303;536
300;301;639
300;302;154
300;303;845
300;304;944
301;302;536
301;303;914
301;304;546
301;305;285
302;303;369
302;304;629
302;305;813
302;306;761
303;304;888
303;305;319
303;306;958
303;307;888
304;305;465
304;306;866
304;307;515
304;308;397
305;306;424
305;307;709
305;308;216
305;309;918
306;307;336
306;308;472
306;309;418
306;310;452
307;308;616
307;309;215
307;310;569
307;311;623
308;309;129
308;310;638
308;311;708
308;312;792
309;310;712
309;311;654
309;312;380
309;313;602
310;311;544
310;312;184
310;313;241
310;314;746
311;312;588
311;313;883
311;314;451
311;315;958
312;313;409
312;314;784
312;315;141
312;316;699
313;314;164
313;315;222
313;316;654
313;317;763
314;315;895
314;316;420
314;317;375
314;318;232
315;316;982
315;317;966
315;318;925
315;319;727
316;317;858
316;318;386
316;319;621
316;320;458
317;318;833
317;319;111
317;320;693
317;321;605
318;319;204
318;320;931
318;321;522
318;322;261
319;320;194
319;321;882
319;322;118
319;323;154
320;321;548
320;322;283
320;323;195
320;324;326
321;322;559
321;323;378
321;324;493
321;325;205
322;323;429
322;324;128
322;325;862
322;326;624
323;324;535
323;325;320
323;326;571
323;327;338
324;325;625
324;326;261
324;327;723
324;328;389
325;326;181
325;327;326
325;328;887
325;329;900
326;327;880
326;328;730
326;329;390
326;330;694
327;328;818
327;329;972
327;330;308
327;331;915
328;329;595
328;330;577
328;331;128
328;332;216
329;330;519
329;331;350
329;332;221
329;333;864
330;331;268
330;332;731
330;333;968
330;334;681
331;332;406
331;333;669
331;334;942
331;335;551
332;333;334
332;334;747
332;335;166
332;336;332
333;334;606
333;335;188
333;336;808
333;337;956
334;335;565
334;336;773
334;337;639
334;338;452
335;336;139
335;337;164
335;338;959
335;339;151
336;337;322
336;338;158
336;339;651
336;340;748
337;338;172
337;339;576
337;340;776
337;341;803
338;339;180
338;340;504
338;341;371
338;342;112
339;340;752
339;341;183
339;342;258
339;343;689
340;341;488
340;342;879
340;343;412
340;344;835
341;342;594
341;343;105
341;344;972
341;345;297
342;343;558
342;344;415
342;345;392
342;346;843
343;344;847
343;345;357
343;346;832
343;347;415
344;345;927
344;346;177
344;347;372
344;348;484
345;346;941
345;347;289
345;348;926
345;349;544
346;347;140
346;348;991
346;349;400
346;350;310
347;348;913
347;349;440
347;350;358
347;351;220
348;349;500
348;350;785
348;351;227
348;352;701
349;350;472
349;351;105
349;352;846
349;353;154
350;351;516
350;352;599
350;353;953
350;354;649
351;352;670
351;353;925
351;354;182
351;355;671
352;353;391
352;354;540
352;355;978
352;356;592
353;354;972
353;355;636
353;356;758
353;357;244
354;355;136
354;356;512
354;357;672
354;358;112
355;356;921
355;357;483
355;358;472
355;359;496
356;357;730
356;358;286
356;359;765
356;360;699
357;358;873
357;359;247
357;360;367
357;361;874
358;359;269
358;360;574
358;361;329
358;362;934
359;360;511
359;361;751
359;362;353
359;363;484
360;361;216
360;362;742
360;363;774
360;364;911
361;362;863
361;363;687
361;364;653
361;365;826
362;363;191
362;364;507
362;365;277
362;366;468
363;364;153
363;365;337
363;366;966
363;367;803
364;365;495
364;366;809
364;367;870
364;368;313
365;366;147
365;367;430
365;368;633
365;369;355
366;367;743
366;368;483
366;369;425
366;370;996
367;368;118
367;369;504
367;370;112
367;371;215
368;369;721
368;370;375
368;371;668
368;372;389
369;370;738
369;371;500
369;372;899
369;373;441
370;371;775
370;372;788
370;373;730
370;374;135
371;372;447
371;373;184
371;374;742
371;375;189
372;373;641
372;374;182
372;375;228
372;376;669
373;374;171
373;375;984
373;376;189
373;377;721
374;375;960
374;376;396
374;377;104
374;378;836
375;376;359
375;377;786
375;378;416
375;379;659
376;377;920
376;378;340
376;379;389
376;380;937
377;378;812
377;379;669
377;380;826
377;381;163
378;379;967
378;380;875
378;381;866
378;382;457
379;380;286
379;381;716
379;382;352
379;383;995
380;381;327
380;382;288
380;383;872
380;384;855
381;382;239
381;383;313
381;384;513
381;385;979
382;383;392
382;384;960
382;385;361
382;386;366
383;384;350
383;385;905
383;386;720
383;387;745
384;385;247
384;386;864
384;387;738
384;388;466
385;386;112
385;387;423
385;388;284
385;389;276
386;387;861
386;388;272
386;389;363
386;390;686
387;388;607
387;389;888
387;390;536
387;391;838
388;389;101
388;390;191
388;391;828
388;392;240
389;390;234
389;391;739
389;392;642
389;393;341
390;391;493
390;392;688
390;393;118
390;394;348
391;392;655
391;393;403
391;394;606
391;395;589
392;393;869
392;394;474
392;395;525
392;396;434
393;394;366
393;395;315
393;396;339
393;397;322
394;395;530
394;396;893
394;397;253
394;398;355
395;396;400
395;397;827
395;398;500
395;399;237
396;397;135
396;398;572
396;399;521
396;400;784
397;398;188
397;399;904
397;400;365
397;401;614
398;399;568
398;400;835
398;401;458
398;402;692
399;400;252
399;401;438
399;402;539
399;403;579
400;401;453
400;402;716
400;403;338
400;404;546
401;402;789
401;403;875
401;404;496
401;405;531
402;403;827
402;404;178
402;405;717
402;406;801
403;404;368
403;405;466
403;406;709
403;407;169
404;405;563
404;406;145
404;407;129
404;408;144
405;406;785
405;407;398
405;408;649
405;409;783
406;407;159
406;408;929
406;409;510
406;410;683
407;408;718
407;409;226
407;410;985
407;411;204
408;409;242
408;410;214
408;411;472
408;412;375
409;410;596
409;411;828
409;412;991
409;413;441
410;411;326
410;412;544
410;413;146
410;414;730
411;412;385
411;413;159
411;414;379
411;415;752
412;413;547
412;414;260
412;415;805
412;416;351
413;414;821
413;415;792
413;416;636
413;417;974
414;415;214
414;416;483
414;417;572
414;418;992
415;416;694
415;417;746
415;418;197
415;419;887
416;417;820
416;418;600
416;419;142
416;420;326
417;418;533
417;419;279
417;420;196
417;421;996
418;419;529
418;420;473
418;421;984
418;422;836
419;420;623
419;421;254
419;422;500
419;423;269
420;421;381
420;422;517
420;423;572
420;424;571
421;422;798
421;423;140
421;424;686
421;425;856
422;423;797
422;424;840
422;425;846
422;426;975
423;424;852
423;425;278
423;426;779
423;427;779
424;425;491
424;426;691
424;427;439
424;428;170
425;426;738
425;427;361
425;428;641
425;429;826
426;427;988
426;428;295
426;429;627
426;430;306
427;428;133
427;429;496
427;430;967
427;431;230
428;429;968
428;430;802
428;431;320
428;432;990
429;430;983
429;431;356
429;432;767
429;433;287
430;431;313
430;432;556
430;433;927
430;434;595
431;432;855
431;433;554
431;434;765
431;435;150
432;433;664
432;434;211
432;435;781
432;436;550
433;434;760
433;435;529
433;436;736
433;437;151
434;435;430
434;436;340
434;437;696
434;438;548
435;436;274
435;437;511
435;438;738
435;439;536
436;437;231
436;438;470
436;439;503
436;440;500
437;438;427
437;439;789
437;440;642
437;441;761
438;439;168
438;440;448
438;441;939
438;442;176
439;440;481
439;441;885
439;442;962
439;443;110
440;441;728
440;442;745
440;443;587
440;444;419
441;442;323
441;443;186
441;444;691
441;445;183
442;443;752
442;444;336
442;445;206
442;446;509
443;444;471
443;445;152
443;446;242
443;447;269
444;445;437
444;446;874
444;447;600
444;448;916
445;446;559
445;447;326
445;448;125
445;449;481
446;447;635
446;448;708
446;449;429
446;450;676
447;448;866
447;449;697
447;450;876
447;451;453
448;449;274
448;450;256
448;451;776
448;452;194
449;450;800
449;451;684
449;452;407
449;453;730
450;451;188
450;452;852
450;453;197
450;454;574
451;452;190
451;453;801
451;454;778
451;455;998
452;453;157
452;454;534
452;455;389
452;456;594
453;454;662
453;455;620
453;456;952
453;457;560
454;455;850
454;456;884
454;457;357
454;458;967
455;456;763
455;457;817
455;458;398
455;459;345
456;457;482
456;458;895
456;459;492
456;460;177
457;458;113
457;459;1000
457;460;377
457;461;123
458;459;567
458;460;931
458;461;608
458;462;491
459;460;804
459;461;407
459;462;811
459;463;268
460;461;255
460;462;311
460;463;630
460;464;251
461;462;762
461;463;308
461;464;945
461;465;286
462;463;712
462;464;588
462;465;708
462;466;531
463;464;973
463;465;636
463;466;848
463;467;552
464;465;587
464;466;669
464;467;650
464;468;569
465;466;337
465;467;257
465;468;454
465;469;402
466;467;595
466;468;484
466;469;364
466;470;995
467;468;900
467;469;272
467;470;945
467;471;959
468;469;391
468;470;467
468;471;639
468;472;821
469;470;757
469;471;786
469;472;959
469;473;282
470;471;741
470;472;966
470;473;562
470;474;832
471;472;266
471;473;382
471;474;842
471;475;498
472;473;809
472;474;610
472;475;369
472;476;891
473;474;583
473;475;830
473;476;630
473;477;718
474;475;182
474;476;611
474;477;549
474;478;668
475;476;516
475;477;615
475;478;635
475;479;323
476;477;903
476;478;517
476;479;149
476;480;249
477;478;791
477;479;156
477;480;232
477;481;699
478;479;537
478;480;528
478;481;708
478;482;938
479;480;833
479;481;905
479;482;429
479;483;776
480;481;330
480;482;835
480;483;390
480;484;349
481;482;505
481;483;242
481;484;930
481;485;142
482;483;504
482;484;923
482;485;554
482;486;700
483;484;454
483;485;307
483;486;752
483;487;825
484;485;850
484;486;691
484;487;131
484;488;375
485;486;602
485;487;275
485;488;119
485;489;828
486;487;905
486;488;889
486;489;411
486;490;543
487;488;494
487;489;367
487;490;704
487;491;791
488;489;521
488;490;793
488;491;493
488;492;988
489;490;491
489;491;642
489;492;312
489;493;645
490;491;202
490;492;557
490;493;588
490;494;761
491;492;616
491;493;957
491;494;306
491;495;105
492;493;662
492;494;127
492;495;949
492;496;618
493;494;165
493;495;811
493;496;784
493;497;328
494;495;431
494;496;114
494;497;209
494;498;450
495;496;946
495;497;546
495;498;655
495;499;745
496;497;593
496;498;440
496;499;181
496;500;919
497;498;891
497;499;203
497;500;313
497;501;312
498;499;596
498;500;580
498;501;836
498;502;428
499;500;529
499;501;306
499;502;749
499;503;625
500;501;522
500;502;833
500;503;893
500;504;685
501;502;543
501;503;826
501;504;975
501;505;825
502;503;387
502;504;127
502;505;378
502;506;936
503;504;606
503;505;966
503;506;863
503;507;143
504;505;762
504;506;937
504;507;443
504;508;881
505;506;321
505;507;595
505;508;246
505;509;658
506;507;413
506;508;188
506;509;613
506;510;174
507;508;395
507;509;418
507;510;857
507;511;282
508;509;386
508;510;994
508;511;941
508;512;424
509;510;419
509;511;918
509;512;137
509;513;475
510;511;756
510;512;448
510;513;445
510;514;322
511;512;706
511;513;416
511;514;203
511;515;104
512;513;991
512;514;171
512;515;292
512;516;572
513;514;750
513;515;946
513;516;986
513;517;129
514;515;631
514;516;594
514;517;443
514;518;113
515;516;431
515;517;584
515;518;953
515;519;807
516;517;366
516;518;470
516;519;650
516;520;570
517;518;446
517;519;613
517;520;752
517;521;515
518;519;741
518;520;309
518;521;977
518;522;459
519;520;880
519;521;643
519;522;149
519;523;515
520;521;637
520;522;410
520;523;128
520;524;453
521;522;507
521;523;814
521;524;404
521;525;585
522;523;120
522;524;152
522;525;369
522;526;507
523;524;300
523;525;103
523;526;931
523;527;112
524;525;582
524;526;143
524;527;341
524;528;921
525;526;221
525;527;319
525;528;744
525;529;448
526;527;700
526;528;845
526;529;722
526;530;421
527;528;512
527;529;360
527;530;549
527;531;633
528;529;277
528;530;139
528;531;885
528;532;343
529;530;476
529;531;823
529;532;553
529;533;818
530;531;315
530;532;357
530;533;214
530;534;775
531;532;132
531;533;674
531;534;465
531;535;792
532;533;398
532;534;414
532;535;967
532;536;490
533;534;326
533;535;670
533;536;264
533;537;451
534;535;251
534;536;102
534;537;423
534;538;896
535;536;848
535;537;855
535;538;343
535;539;242
536;537;394
536;538;213
536;539;456
536;540;133
537;538;348
537;539;191
537;540;624
537;541;332
538;539;296
538;540;203
538;541;269
538;542;347
539;540;368
539;541;455
539;542;163
539;543;646
540;541;556
540;542;916
540;543;772
540;544;989
541;542;606
541;543;181
541;544;761
541;545;322
542;543;901
542;544;477
542;545;711
542;546;469
543;544;727
543;545;809
543;546;755
543;547;163
544;545;687
544;546;637
544;547;864
544;548;249
545;546;264
545;547;908
545;548;462
545;549;185
546;547;220
546;548;313
546;549;614
546;550;438
547;548;504
547;549;956
547;550;853
547;551;499
548;549;974
548;550;436
548;551;545
548;552;459
549;550;731
549;551;423
549;552;678
549;553;605
550;551;148
550;552;708
550;553;303
550;554;421
551;552;276
551;553;870
551;554;260
551;555;982
552;553;420
552;554;910
552;555;727
552;556;310
553;554;425
553;555;216
553;556;574
553;557;510
554;555;584
554;556;721
554;557;139
554;558;455
555;556;306
555;557;132
555;558;118
555;559;987
556;557;242
556;558;749
556;559;319
556;560;272
557;558;360
557;559;469
557;560;916
557;561;416
558;559;378
558;560;189
558;561;170
558;562;234
559;560;834
559;561;476
559;562;818
559;563;402
560;561;513
560;562;680
560;563;733
560;564;710
561;562;859
561;563;763
561;564;431
561;565;556
562;563;785
562;564;242
562;565;609
562;566;796
563;564;444
563;565;747
563;566;872
563;567;578
564;565;408
564;566;922
564;567;809
564;568;594
565;566;419
565;567;475
565;568;860
565;569;364
566;567;353
566;568;363
566;569;504
566;570;996
567;568;392
567;569;709
567;570;451
567;571;957
568;569;921
568;570;932
568;571;439
568;572;403
569;570;495
569;571;445
569;572;638
569;573;629
570;571;938
570;572;661
570;573;595
570;574;637
571;572;689
571;573;485
571;574;403
571;575;711
572;573;515
572;574;536
572;575;604
572;576;132
573;574;516
573;575;288
573;576;801
573;577;465
574;575;880
574;576;250
574;577;298
574;578;909
575;576;398
575;577;636
575;578;527
575;579;405
576;577;124
576;578;376
576;579;822
576;580;834
577;578;670
577;579;471
577;580;998
577;581;959
578;579;692
578;580;495
578;581;660
578;582;268
579;580;820
579;581;392
579;582;898
579;583;811
580;581;900
580;582;929
580;583;795
580;584;967
581;582;757
581;583;914
581;584;103
581;585;254
582;583;537
582;584;876
582;585;971
582;586;147
583;584;654
583;585;587
583;586;632
583;587;574
584;585;960
584;586;361
584;587;332
584;588;792
585;586;786
585;587;793
585;588;117
585;589;650
586;587;362
586;588;976
586;589;894
586;590;829
587;588;530
587;589;338
587;590;915
587;591;560
588;589;748
588;590;368
588;591;889
588;592;781
589;590;598
589;591;840
589;592;133
589;593;863
590;591;974
590;592;754
590;593;558
590;594;884
591;592;715
591;593;121
591;594;228
591;595;595
592;593;638
592;594;843
592;595;984
592;596;747
593;594;974
593;595;713
593;596;614
593;597;410
594;595;752
594;596;189
594;597;600
594;598;384
595;596;714
595;597;450
595;598;479
595;599;699
596;597;612
596;598;282
596;599;762
596;600;284
597;598;694
597;599;988
597;600;238
597;601;565
598;599;103
598;600;224
598;601;562
598;602;580
599;600;554
599;601;503
599;602;857
599;603;258
600;601;946
600;602;713
600;603;895
600;604;175
601;602;860
601;603;671
601;604;675
601;605;215
602;603;875
602;604;329
602;605;739
602;606;901
603;604;604
603;605;482
603;606;767
603;607;375
604;605;866
604;606;660
604;607;901
604;608;662
605;606;977
605;607;734
605;608;151
605;609;812
606;607;537
606;608;975
606;609;824
606;610;511
607;608;158
607;609;295
607;610;455
607;611;166
608;609;342
608;610;481
608;611;726
608;612;191
609;610;407
609;611;552
609;612;799
609;613;861
610;611;852
610;612;710
610;613;331
610;614;428
611;612;520
611;613;466
611;614;103
611;615;148
612;613;448
612;614;223
612;615;549
612;616;901
613;614;599
613;615;838
613;616;212
613;617;246
614;615;679
614;616;925
614;617;126
614;618;135
615;616;683
615;617;793
615;618;723
615;619;431
616;617;816
616;618;243
616;619;955
616;620;347
617;618;384
617;619;296
617;620;672
617;621;983
618;619;535
618;620;686
618;621;852
618;622;811
619;620;755
619;621;194
619;622;724
619;623;785
620;621;820
620;622;954
620;623;901
620;624;399
621;622;134
621;623;419
621;624;824
621;625;348
622;623;932
622;624;838
622;625;858
622;626;107
623;624;278
623;625;730
623;626;794
623;627;477
624;625;338
624;626;987
624;627;314
624;628;191
625;626;531
625;627;603
625;628;352
625;629;274
626;627;661
626;628;218
626;629;500
626;630;817
627;628;352
627;629;428
627;630;509
627;631;1000
628;629;978
628;630;927
628;631;900
628;632;843
629;630;501
629;631;178
629;632;523
629;633;692
630;631;451
630;632;536
630;633;856
630;634;716
631;632;466
631;633;979
631;634;143
631;635;873
632;633;648
632;634;140
632;635;285
632;636;582
633;634;763
633;635;511
633;636;215
633;637;661
634;635;811
634;636;925
634;637;283
634;638;750
635;636;433
635;637;828
635;638;526
635;639;395
636;637;727
636;638;273
636;639;389
636;640;515
637;638;529
637;639;865
637;640;103
637;641;962
638;639;962
638;640;410
638;641;240
638;642;305
639;640;170
639;641;681
639;642;905
639;643;709
640;641;345
640;642;796
640;643;827
640;644;563
641;642;828
641;643;999
641;644;750
641;645;580
642;643;187
642;644;655
642;645;812
642;646;846
643;644;991
643;645;724
643;646;750
643;647;210
644;645;180
644;646;534
644;647;853
644;648;458
645;646;425
645;647;827
645;648;249
645;649;182
646;647;526
646;648;580
646;649;373
646;650;531
647;648;161
647;649;424
647;650;758
647;651;117
648;649;937
648;650;517
648;651;844
648;652;688
649;650;193
649;651;775
649;652;276
649;653;689
650;651;742
650;652;960
650;653;873
650;654;381
651;652;179
651;653;741
651;654;345
651;655;296
652;653;783
652;654;856
652;655;223
652;656;141
653;654;675
653;655;929
653;656;377
653;657;623
654;655;999
654;656;208
654;657;958
654;658;723
655;656;390
655;657;332
655;658;705
655;659;679
656;657;176
656;658;359
656;659;508
656;660;815
657;658;738
657;659;207
657;660;530
657;661;755
658;659;119
658;660;805
658;661;693
658;662;407
659;660;910
659;661;452
659;662;871
659;663;378
660;661;565
660;662;162
660;663;692
660;664;249
661;662;285
661;663;633
661;664;881
661;665;270
662;663;592
662;664;807
662;665;439
662;666;151
663;664;126
663;665;544
663;666;802
663;667;602
664;665;784
664;666;933
664;667;450
664;668;567
665;666;129
665;667;642
665;668;468
665;669;908
666;667;208
666;668;136
666;669;251
666;670;288
667;668;924
667;669;942
667;670;818
667;671;117
668;669;865
668;670;514
668;671;453
668;672;995
669;670;438
669;671;491
669;672;673
669;673;463
670;671;474
670;672;172
670;673;635
670;674;949
671;672;915
671;673;763
671;674;274
671;675;482
672;673;194
672;674;603
672;675;237
672;676;562
673;674;566
673;675;616
673;676;261
673;677;775
674;675;578
674;676;322
674;677;349
674;678;600
675;676;120
675;677;112
675;678;351
675;679;654
676;677;462
676;678;909
676;679;141
676;680;458
677;678;307
677;679;620
677;680;489
677;681;977
678;679;306
678;680;287
678;681;599
678;682;874
679;680;669
679;681;726
679;682;229
679;683;414
680;681;237
680;682;129
680;683;416
680;684;118
681;682;813
681;683;822
681;684;550
681;685;251
682;683;864
682;684;889
682;685;350
682;686;176
683;684;966
683;685;842
683;686;440
683;687;522
684;685;515
684;686;836
684;687;980
684;688;309
685;686;335
685;687;323
685;688;838
685;689;813
686;687;734
686;688;759
686;689;959
686;690;133
687;688;401
687;689;249
687;690;543
687;691;660
688;689;544
688;690;202
688;691;604
688;692;645
689;690;357
689;691;207
689;692;336
689;693;292
690;691;881
690;692;468
690;693;708
690;694;441
691;692;831
691;693;411
691;694;217
691;695;972
692;693;931
692;694;275
692;695;919
692;696;801
693;694;631
693;695;642
693;696;720
693;697;521
694;695;543
694;696;666
694;697;498
694;698;975
695;696;230
695;697;871
695;698;842
695;699;556
696;697;422
696;698;938
696;699;942
696;700;434
697;698;278
697;699;608
697;700;549
697;701;389
698;699;540
698;700;675
698;701;833
698;702;185
699;700;169
699;701;241
699;702;363
699;703;554
700;701;358
700;702;528
700;703;684
700;704;918
701;702;956
701;703;592
701;704;105
701;705;969
702;703;962
702;704;315
702;705;236
702;706;172
703;704;764
703;705;918
703;706;791
703;707;672
704;705;345
704;706;114
704;707;844
704;708;510
705;706;923
705;707;516
705;708;780
705;709;550
706;707;563
706;708;152
706;709;494
706;710;713
707;708;397
707;709;917
707;710;623
707;711;325
708;709;175
708;710;582
708;711;131
708;712;679
709;710;253
709;711;885
709;712;941
709;713;899
710;711;300
710;712;372
710;713;129
710;714;385
711;712;634
711;713;953
711;714;553
711;715;897
712;713;331
712;714;888
712;715;812
712;716;588
713;714;982
713;715;152
713;716;243
713;717;534
714;715;226
714;716;718
714;717;672
714;718;295
715;716;774
715;717;136
715;718;449
715;719;405
716;717;421
716;718;103
716;719;113
716;720;283
717;718;672
717;719;247
717;720;347
717;721;178
718;719;234
718;720;247
718;721;428
718;722;360
719;720;509
719;721;225
719;722;804
719;723;377
720;721;492
720;722;953
720;723;831
720;724;553
721;722;743
721;723;802
721;724;125
721;725;942
722;723;631
722;724;629
722;725;259
722;726;748
723;724;721
723;725;592
723;726;601
723;727;894
724;725;740
724;726;406
724;727;907
724;728;500
725;726;373
725;727;733
725;728;762
725;729;326
726;727;586
726;728;434
726;729;427
726;730;355
727;728;728
727;729;243
727;730;260
727;731;449
728;729;277
728;730;627
728;731;563
728;732;741
729;730;979
729;731;432
729;732;510
729;733;337
730;731;928
730;732;201
730;733;406
730;734;783
731;732;472
731;733;248
731;734;900
731;735;178
732;733;985
732;734;296
732;735;909
732;736;339
733;734;934
733;735;950
733;736;977
733;737;445
734;735;224
734;736;663
734;737;115
734;738;748
735;736;647
735;737;623
735;738;106
735;739;358
736;737;187
736;738;302
736;739;221
736;740;220
737;738;830
737;739;496
737;740;685
737;741;440
738;739;605
738;740;236
738;741;719
738;742;307
739;740;817
739;741;246
739;742;598
739;743;282
740;741;226
740;742;787
740;743;965
740;744;513
741;742;598
741;743;312
741;744;664
741;745;813
742;743;950
742;744;693
742;745;298
742;746;120
743;744;732
743;745;530
743;746;711
743;747;430
744;745;813
744;746;991
744;747;238
744;748;901
745;746;893
745;747;684
745;748;500
745;749;536
746;747;417
746;748;482
746;749;400
746;750;888
747;748;480
747;749;821
747;750;118
747;751;587
748;749;834
748;750;828
748;751;447
748;752;414
749;750;858
749;751;913
749;752;511
749;753;913
750;751;264
750;752;634
750;753;906
750;754;206
751;752;663
751;753;343
751;754;490
751;755;480
752;753;798
752;754;901
752;755;790
752;756;337
753;754;837
753;755;671
753;756;503
753;757;677
754;755;452
754;756;543
754;757;487
754;758;892
755;756;721
755;757;487
755;758;898
755;759;121
756;757;353
756;758;188
756;759;198
756;760;132
757;758;126
757;759;357
757;760;664
757;761;251
758;759;987
758;760;462
758;761;306
758;762;992
759;760;420
759;761;606
759;762;965
759;763;539
760;761;433
760;762;557
760;763;533
760;764;705
761;762;467
761;763;763
761;764;628
761;765;399
762;763;993
762;764;476
762;765;635
762;766;783
763;764;133
763;765;478
763;766;784
763;767;594
764;765;273
764;766;454
764;767;819
764;768;725
765;766;944
765;767;747
765;768;846
765;769;634
766;767;189
766;768;395
766;769;109
766;770;621
767;768;315
767;769;978
767;770;156
767;771;969
768;769;982
768;770;686
768;771;631
768;772;420
769;770;364
769;771;457
769;772;923
769;773;266
770;771;796
770;772;231
770;773;429
770;774;485
771;772;314
771;773;957
771;774;171
771;775;459
772;773;352
772;774;570
772;775;973
772;776;731
773;774;471
773;775;245
773;776;222
773;777;456
774;775;788
774;776;181
774;777;407
774;778;869
775;776;230
775;777;851
775;778;934
775;779;822
776;777;921
776;778;418
776;779;328
776;780;700
777;778;162
777;779;400
777;780;816
777;781;569
778;779;847
778;780;102
778;781;522
778;782;513
779;780;358
779;781;281
779;782;482
779;783;388
780;781;802
780;782;362
780;783;761
780;784;759
781;782;255
781;783;683
781;784;570
781;785;712
782;783;320
782;784;557
782;785;412
782;786;628
783;784;151
783;785;622
783;786;1000
783;787;913
784;785;203
784;786;581
784;787;350
784;788;848
785;786;749
785;787;166
785;788;542
785;789;513
786;787;171
786;788;808
786;789;145
786;790;257
787;788;104
787;789;469
787;790;220
787;791;327
788;789;747
788;790;244
788;791;758
788;792;210
789;790;261
789;791;656
789;792;730
789;793;204
790;791;408
790;792;517
790;793;672
790;794;700
791;792;966
791;793;383
791;794;695
791;795;677
792;793;897
792;794;613
792;795;459
792;796;936
793;794;880
793;795;768
793;796;687
793;797;232
794;795;799
794;796;708
794;797;284
794;798;717
795;796;677
795;797;664
795;798;336
795;799;279
796;797;329
796;798;324
796;799;178
796;800;917
797;798;665
797;799;818
797;800;713
797;801;670
798;799;202
798;800;619
798;801;175
798;802;432
799;800;821
799;801;215
799;802;445
799;803;299
800;801;589
800;802;708
800;803;965
800;804;673
801;802;682
801;803;877
801;804;209
801;805;407
802;803;670
802;804;824
802;805;669
802;806;168
803;804;378
803;805;195
803;806;321
803;807;248
804;805;472
804;806;836
804;807;917
804;808;453
805;806;354
805;807;562
805;808;902
805;809;577
806;807;951
806;808;310
806;809;318
806;810;692
807;808;707
807;809;165
807;810;754
807;811;724
808;809;984
808;810;560
808;811;717
808;812;991
809;810;627
809;811;650
809;812;458
809;813;161
810;811;571
810;812;117
810;813;695
810;814;160
811;812;852
811;813;682
811;814;723
811;815;498
812;813;758
812;814;505
812;815;198
812;816;681
813;814;723
813;815;653
813;816;540
813;817;905
814;815;543
814;816;140
814;817;395
814;818;385
815;816;302
815;817;236
815;818;687
815;819;412
816;817;706
816;818;247
816;819;614
816;820;547
817;818;699
817;819;748
817;820;279
817;821;921
818;819;495
818;820;984
818;821;784
818;822;836
819;820;277
819;821;420
819;822;260
819;823;329
820;821;514
820;822;547
820;823;651
820;824;203
821;822;904
821;823;913
821;824;269
821;825;674
822;823;973
822;824;235
822;825;442
822;826;600
823;824;378
823;825;129
823;826;636
823;827;340
824;825;321
824;826;179
824;827;577
824;828;452
825;826;338
825;827;307
825;828;516
825;829;371
826;827;122
826;828;455
826;829;649
826;830;146
827;828;961
827;829;208
827;830;717
827;831;695
828;829;106
828;830;375
828;831;860
828;832;519
829;830;733
829;831;348
829;832;918
829;833;350
830;831;749
830;832;371
830;833;527
830;834;739
831;832;242
831;833;939
831;834;114
831;835;115
832;833;768
832;834;889
832;835;832
832;836;969
833;834;770
833;835;208
833;836;514
833;837;865
834;835;404
834;836;949
834;837;145
834;838;611
835;836;215
835;837;175
835;838;491
835;839;598
836;837;814
836;838;338
836;839;445
836;840;780
837;838;953
837;839;341
837;840;860
837;841;423
838;839;249
838;840;878
838;841;188
838;842;221
839;840;486
839;841;534
839;842;382
839;843;673
840;841;111
840;842;1000
840;843;612
840;844;105
841;842;803
841;843;847
841;844;462
841;845;659
842;843;921
842;844;817
842;845;946
842;846;661
843;844;459
843;845;199
843;846;592
843;847;814
844;845;309
844;846;839
844;847;463
844;848;781
845;846;100
845;847;220
845;848;601
845;849;252
846;847;843
846;848;832
846;849;667
846;850;356
847;848;358
847;849;951
847;850;284
847;851;614
848;849;745
848;850;407
848;851;546
848;852;951
849;850;174
849;851;579
849;852;548
849;853;709
850;851;428
850;852;912
850;853;235
850;854;428
851;852;619
851;853;903
851;854;726
851;855;313
852;853;181
852;854;510
852;855;868
852;856;535
853;854;200
853;855;637
853;856;160
853;857;218
854;855;260
854;856;973
854;857;642
854;858;491
855;856;833
855;857;361
855;858;897
855;859;295
856;857;687
856;858;778
856;859;256
856;860;663
857;858;775
857;859;196
857;860;626
857;861;248
858;859;292
858;860;754
858;861;864
858;862;887
859;860;482
859;861;577
859;862;443
859;863;716
860;861;733
860;862;344
860;863;203
860;864;660
861;862;664
861;863;345
861;864;279
861;865;661
862;863;266
862;864;539
862;865;257
862;866;747
863;864;877
863;865;502
863;866;274
863;867;475
864;865;294
864;866;424
864;867;237
864;868;932
865;866;648
865;867;712
865;868;227
865;869;253
866;867;540
866;868;433
866;869;960
866;870;306
867;868;138
867;869;151
867;870;259
867;871;515
868;869;983
868;870;762
868;871;613
868;872;362
869;870;454
869;871;552
869;872;850
869;873;465
870;871;819
870;872;823
870;873;328
870;874;448
871;872;184
871;873;175
871;874;253
871;875;281
872;873;402
872;874;269
872;875;524
872;876;387
873;874;427
873;875;746
873;876;744
873;877;801
874;875;469
874;876;769
874;877;530
874;878;580
875;876;381
875;877;115
875;878;746
875;879;863
876;877;767
876;878;427
876;879;517
876;880;506
877;878;622
877;879;195
877;880;981
877;881;924
878;879;674
878;880;618
878;881;979
878;882;889
879;880;692
879;881;931
879;882;714
879;883;946
880;881;350
880;882;358
880;883;419
880;884;590
881;882;159
881;883;440
881;884;490
881;885;727
882;883;637
882;884;437
882;885;191
882;886;924
883;884;286
883;885;614
883;886;437
883;887;362
884;885;381
884;886;812
884;887;770
884;888;982
885;886;639
885;887;748
885;888;236
885;889;303
886;887;470
886;888;662
886;889;658
886;890;862
887;888;571
887;889;300
887;890;204
887;891;723
888;889;271
888;890;538
888;891;185
888;892;218
889;890;112
889;891;753
889;892;763
889;893;759
890;891;649
890;892;707
890;893;590
890;894;590
891;892;223
891;893;393
891;894;373
891;895;980
892;893;805
892;894;240
892;895;970
892;896;110
893;894;507
893;895;998
893;896;297
893;897;461
894;895;746
894;896;446
894;897;265
894;898;161
895;896;356
895;897;467
895;898;523
895;899;158
896;897;203
896;898;736
896;899;303
896;900;635
897;898;204
897;899;615
897;900;556
897;901;712
898;899;251
898;900;935
898;901;374
898;902;456
899;900;827
899;901;709
899;902;367
899;903;389
900;901;743
900;902;705
900;903;710
900;904;116
901;902;356
901;903;666
901;904;495
901;905;296
902;903;538
902;904;390
902;905;553
902;906;821
903;904;384
903;905;733
903;906;230
903;907;319
904;905;424
904;906;341
904;907;656
904;908;972
905;906;423
905;907;321
905;908;185
905;909;153
906;907;538
906;908;502
906;909;486
906;910;219
907;908;518
907;909;272
907;910;523
907;911;416
908;909;313
908;910;544
908;911;385
908;912;344
909;910;892
909;911;500
909;912;157
909;913;818
910;911;155
910;912;880
910;913;576
910;914;781
911;912;956
911;913;214
911;914;400
911;915;207
912;913;682
912;914;898
912;915;512
912;916;320
913;914;540
913;915;639
913;916;640
913;917;697
914;915;281
914;916;228
914;917;183
914;918;586
915;916;599
915;917;155
915;918;777
915;919;482
916;917;735
916;918;215
916;919;418
916;920;808
917;918;904
917;919;421
917;920;207
917;921;490
918;919;448
918;920;296
918;921;509
918;922;607
919;920;894
919;921;964
919;922;328
919;923;451
920;921;981
920;922;288
920;923;713
920;924;128
921;922;265
921;923;756
921;924;969
921;925;525
922;923;287
922;924;753
922;925;534
922;926;150
923;924;893
923;925;589
923;926;518
923;927;628
924;925;376
924;926;185
924;927;429
924;928;638
925;926;430
925;927;627
925;928;804
925;929;661
926;927;854
926;928;279
926;929;448
926;930;434
927;928;445
927;929;571
927;930;227
927;931;339
928;929;908
928;930;349
928;931;109
928;932;815
929;930;161
929;931;590
929;932;440
929;933;689
930;931;399
930;932;748
930;933;345
930;934;304
931;932;894
931;933;464
931;934;446
931;935;641
932;933;654
932;934;932
932;935;735
932;936;859
933;934;173
933;935;554
933;936;833
933;937;525
934;935;910
934;936;640
934;937;482
934;938;122
935;936;660
935;937;220
935;938;510
935;939;130
936;937;833
936;938;927
936;939;184
936;940;474
937;938;374
937;939;821
937;940;565
937;941;826
938;939;837
938;940;782
938;941;952
938;942;414
939;940;613
939;941;826
939;942;613
939;943;647
940;941;821
940;942;511
940;943;529
940;944;985
941;942;839
941;943;245
941;944;398
941;945;171
942;943;710
942;944;438
942;945;641
942;946;512
943;944;325
943;945;877
943;946;591
943;947;362
944;945;373
944;946;419
944;947;165
944;948;766
945;946;781
945;947;232
945;948;539
945;949;359
946;947;741
946;948;678
946;949;108
946;950;297
947;948;998
947;949;365
947;950;907
947;951;226
948;949;304
948;950;998
948;951;649
948;952;804
949;950;869
949;951;975
949;952;285
949;953;559
950;951;433
950;952;580
950;953;208
950;954;936
951;952;156
951;953;601
951;954;145
951;955;915
952;953;879
952;954;999
952;955;568
952;956;691
953;954;271
953;955;654
953;956;243
953;957;244
954;955;351
954;956;868
954;957;586
954;958;956
955;956;905
955;957;794
955;958;417
955;959;806
956;957;260
956;958;570
956;959;661
956;960;838
957;958;320
957;959;879
957;960;503
957;961;506
958;959;262
958;960;258
958;961;851
958;962;519
959;960;192
959;961;862
959;962;167
959;963;394
960;961;310
960;962;562
960;963;232
960;964;800
961;962;588
961;963;148
961;964;684
961;965;225
962;963;405
962;964;980
962;965;408
962;966;250
963;964;948
963;965;417
963;966;773
963;967;245
964;965;362
964;966;304
964;967;534
964;968;962
965;966;731
965;967;270
965;968;281
965;969;640
966;967;407
966;968;881
966;969;311
966;970;518
967;968;465
967;969;840
967;970;513
967;971;674
968;969;178
968;970;647
968;971;368
968;972;733
969;970;167
969;971;138
969;972;313
969;973;426
970;971;537
970;972;126
970;973;914
970;974;513
971;972;355
971;973;390
971;974;785
971;975;596
972;973;501
972;974;549
972;975;637
972;976;623
973;974;476
973;975;577
973;976;408
973;977;629
974;975;699
974;976;111
974;977;266
974;978;639
975;976;562
975;977;302
975;978;805
975;979;167
976;977;151
976;978;113
976;979;718
976;980;685
977;978;463
977;979;543
977;980;619
977;981;108
978;979;653
978;980;117
978;981;115
978;982;466
979;980;536
979;981;452
979;982;232
979;983;532
980;981;168
980;982;903
980;983;738
980;984;196
981;982;344
981;983;488
981;984;362
981;985;542
982;983;435
982;984;963
982;985;377
982;986;266
983;984;148
983;985;506
983;986;937
983;987;920
984;985;488
984;986;988
984;987;346
984;988;176
985;986;879
985;987;785
985;988;603
985;989;769
986;987;804
986;988;626
986;989;588
986;990;945
987;988;179
987;989;207
987;990;492
987;991;936
988;989;392
988;990;914
988;991;994
988;992;172
989;990;615
989;991;618
989;992;170
989;993;190
990;991;761
990;992;223
990;993;761
990;994;191
991;992;868
991;993;286
991;994;261
991;995;241
992;993;476
992;994;267
992;995;598
992;996;787
993;994;556
993;995;888
993;996;596
993;997;328
994;995;740
994;996;788
994;997;755
994;998;284
995;996;465
995;997;694
995;998;694
995;999;463
996;997;476
996;998;369
996;999;634
996;1000;393
997;998;716
997;999;951
997;1000;629
997;1001;141
998;999;167
998;1000;727
998;1001;126
998;1002;715
999;1000;551
999;1001;890
999;1002;841
999;1003;653
1000;1001;297
1000;1002;869
1000;1003;561
1000;1004;860
1001;1002;874
1001;1003;115
1001;1004;603
1001;1005;722
1002;1003;532
1002;1004;898
1002;1005;824
1002;1006;179
1003;1004;577
1003;1005;326
1003;1006;328
1003;1007;826
1004;1005;131
1004;1006;678
1004;1007;787
1004;1008;686
1005;1006;346
1005;1007;979
1005;1008;731
1005;1009;408
1006;1007;954
1006;1008;374
1006;1009;595
1006;1010;570
1007;1008;805
1007;1009;114
1007;1010;781
1007;1011;554
1008;1009;137
1008;1010;849
1008;1011;507
1008;1012;150
1009;1010;381
1009;1011;877
1009;1012;557
1009;1013;388
1010;1011;218
1010;1012;867
1010;1013;105
1010;1014;165
1011;1012;959
1011;1013;283
1011;1014;346
1011;1015;895
1012;1013;116
1012;1014;936
1012;1015;447
1012;1016;345
1013;1014;910
1013;1015;628
1013;1016;154
1013;1017;140
1014;1015;243
1014;1016;515
1014;1017;249
1014;1018;793
1015;1016;582
1015;1017;517
1015;1018;449
1015;1019;826
1016;1017;490
1016;1018;288
1016;1019;946
1016;1020;925
1017;1018;943
1017;1019;579
1017;1020;801
1017;1021;571
1018;1019;130
1018;1020;128
1018;1021;705
1018;1022;119
1019;1020;904
1019;1021;769
1019;1022;589
1019;1023;835
1020;1021;141
1020;1022;795
1020;1023;515
1020;1024;418
1021;1022;202
1021;1023;349
1021;1024;631
1021;1025;493
1022;1023;384
1022;1024;118
1022;1025;692
1022;1026;440
1023;1024;628
1023;1025;391
1023;1026;944
1023;1027;909
1024;1025;146
1024;1026;622
1024;1027;268
1024;1028;382
1025;1026;246
1025;1027;347
1025;1028;653
1025;1029;904
1026;1027;142
1026;1028;437
1026;1029;717
1026;1030;133
1027;1028;161
1027;1029;176
1027;1030;743
1027;1031;776
1028;1029;830
1028;1030;890
1028;1031;186
1028;1032;460
1029;1030;292
1029;1031;560
1029;1032;416
1029;1033;317
1030;1031;527
1030;1032;539
1030;1033;446
1030;1034;176
1031;1032;590
1031;1033;707
1031;1034;640
1031;1035;682
1032;1033;163
1032;1034;130
1032;1035;354
1032;1036;428
1033;1034;365
1033;1035;740
1033;1036;593
1033;1037;501
1034;1035;585
1034;1036;577
1034;1037;606
1034;1038;901
1035;1036;301
1035;1037;577
1035;1038;173
1035;1039;900
1036;1037;632
1036;1038;172
1036;1039;803
1036;1040;120
1037;1038;821
1037;1039;674
1037;1040;372
1037;1041;674
1038;1039;210
1038;1040;305
1038;1041;985
1038;1042;978
1039;1040;994
1039;1041;897
1039;1042;396
1039;1043;404
1040;1041;765
1040;1042;755
1040;1043;930
1040;1044;591
1041;1042;922
1041;1043;291
1041;1044;155
1041;1045;733
1042;1043;822
1042;1044;979
1042;1045;527
1042;1046;789
1043;1044;353
1043;1045;247
1043;1046;582
1043;1047;219
1044;1045;698
1044;1046;955
1044;1047;328
1044;1048;676
1045;1046;721
1045;1047;394
1045;1048;946
1045;1049;516
1046;1047;285
1046;1048;461
1046;1049;533
1046;1050;784
1047;1048;213
1047;1049;641
1047;1050;669
1047;1051;865
1048;1049;361
1048;1050;654
1048;1051;569
1048;1052;446
1049;1050;202
1049;1051;545
1049;1052;536
1049;1053;489
1050;1051;307
1050;1052;474
1050;1053;376
1050;1054;450
1051;1052;877
1051;1053;256
1051;1054;118
1051;1055;989
1052;1053;609
1052;1054;918
1052;1055;996
1052;1056;401
1053;1054;362
1053;1055;250
1053;1056;636
1053;1057;824
1054;1055;635
1054;1056;593
1054;1057;376
1054;1058;279
1055;1056;556
1055;1057;950
1055;1058;813
1055;1059;407
1056;1057;331
1056;1058;933
1056;1059;856
1056;1060;319
1057;1058;585
1057;1059;193
1057;1060;916
1057;1061;721
1058;1059;226
1058;1060;415
1058;1061;590
1058;1062;938
1059;1060;609
1059;1061;977
1059;1062;106
1059;1063;807
1060;1061;365
1060;1062;678
1060;1063;412
1060;1064;334
1061;1062;120
1061;1063;294
1061;1064;710
1061;1065;147
1062;1063;155
1062;1064;434
1062;1065;144
1062;1066;913
1063;1064;146
1063;1065;829
1063;1066;299
1063;1067;452
1064;1065;908
1064;1066;926
1064;1067;732
1064;1068;660
1065;1066;412
1065;1067;366
1065;1068;399
1065;1069;761
1066;1067;755
1066;1068;630
1066;1069;307
1066;1070;463
1067;1068;159
1067;1069;741
1067;1070;322
1067;1071;486
1068;1069;958
1068;1070;457
1068;1071;880
1068;1072;536
1069;1070;684
1069;1071;301
1069;1072;977
1069;1073;641
1070;1071;689
1070;1072;111
1070;1073;447
1070;1074;693
1071;1072;843
1071;1073;308
1071;1074;333
1071;1075;185
1072;1073;633
1072;1074;772
1072;1075;383
1072;1076;741
1073;1074;759
1073;1075;400
1073;1076;944
1073;1077;305
1074;1075;869
1074;1076;784
1074;1077;291
1074;1078;572
1075;1076;162
1075;1077;793
1075;1078;895
1075;1079;421
1076;1077;417
1076;1078;978
1076;1079;150
1076;1080;543
1077;1078;988
1077;1079;807
1077;1080;329
1077;1081;415
1078;1079;791
1078;1080;970
1078;1081;913
1078;1082;793
1079;1080;470
1079;1081;598
1079;1082;111
1079;1083;317
1080;1081;532
1080;1082;433
1080;1083;356
1080;1084;775
1081;1082;755
1081;1083;188
1081;1084;699
1081;1085;762
1082;1083;111
1082;1084;114
1082;1085;856
1082;1086;399
1083;1084;619
1083;1085;777
1083;1086;373
1083;1087;279
1084;1085;734
1084;1086;916
1084;1087;630
1084;1088;823
1085;1086;136
1085;1087;208
1085;1088;717
1085;1089;251
1086;1087;578
1086;1088;440
1086;1089;352
1086;1090;582
1087;1088;622
1087;1089;809
1087;1090;971
1087;1091;559
1088;1089;259
1088;1090;554
1088;1091;632
1088;1092;555
1089;1090;437
1089;1091;172
1089;1092;522
1089;1093;982
1090;1091;829
1090;1092;976
1090;1093;704
1090;1094;375
1091;1092;833
1091;1093;476
1091;1094;454
1091;1095;672
1092;1093;956
1092;1094;999
1092;1095;385
1092;1096;346
1093;1094;528
1093;1095;145
1093;1096;260
1093;1097;350
1094;1095;800
1094;1096;967
1094;1097;620
1094;1098;543
1095;1096;844
1095;1097;587
1095;1098;674
1095;1099;891
1096;1097;492
1096;1098;332
1096;1099;937
1096;1100;353
1097;1098;721
1097;1099;522
1097;1100;392
1097;1101;781
1098;1099;463
1098;1100;981
1098;1101;298
1098;1102;528
1099;1100;464
1099;1101;653
1099;1102;593
1099;1103;969
1100;1101;882
1100;1102;722
1100;1103;841
1100;1104;312
1101;1102;977
1101;1103;181
1101;1104;777
1101;1105;572
1102;1103;446
1102;1104;131
1102;1105;459
1102;1106;623
1103;1104;581
1103;1105;492
1103;1106;610
1103;1107;256
1104;1105;698
1104;1106;832
1104;1107;290
1104;1108;181
1105;1106;718
1105;1107;340
1105;1108;924
1105;1109;947
1106;1107;986
1106;1108;729
1106;1109;161
1106;1110;984
1107;1108;516
1107;1109;278
1107;1110;764
1107;1111;115
1108;1109;591
1108;1110;572
1108;1111;967
1108;1112;949
1109;1110;960
1109;1111;427
1109;1112;218
1109;1113;511
1110;1111;184
1110;1112;889
1110;1113;199
1110;1114;981
1111;1112;619
1111;1113;583
1111;1114;202
1111;1115;530
1112;1113;769
1112;1114;704
1112;1115;443
1112;1116;934
1113;1114;202
1113;1115;978
1113;1116;193
1113;1117;217
1114;1115;277
1114;1116;182
1114;1117;498
1114;1118;787
1115;1116;170
1115;1117;104
1115;1118;619
1115;1119;658
1116;1117;806
1116;1118;503
1116;1119;991
1116;1120;826
1117;1118;917
1117;1119;408
1117;1120;451
1117;1121;928
1118;1119;541
1118;1120;984
1118;1121;569
1118;1122;387
1119;1120;381
1119;1121;339
1119;1122;331
1119;1123;933
1120;1121;894
1120;1122;764
1120;1123;151
1120;1124;717
1121;1122;479
1121;1123;919
1121;1124;486
1121;1125;108
1122;1123;598
1122;1124;257
1122;1125;145
1122;1126;417
1123;1124;309
1123;1125;433
1123;1126;120
1123;1127;789
1124;1125;243
1124;1126;431
1124;1127;299
1124;1128;823
1125;1126;825
1125;1127;916
1125;1128;411
1125;1129;532
1126;1127;952
1126;1128;281
1126;1129;815
1126;1130;814
1127;1128;151
1127;1129;432
1127;1130;311
1127;1131;674
1128;1129;868
1128;1130;905
1128;1131;825
1128;1132;481
1129;1130;972
1129;1131;892
1129;1132;881
1129;1133;313
1130;1131;467
1130;1132;622
1130;1133;483
1130;1134;973
1131;1132;918
1131;1133;603
1131;1134;404
1131;1135;276
1132;1133;876
1132;1134;541
1132;1135;718
1132;1136;754
1133;1134;767
1133;1135;984
1133;1136;922
1133;1137;669
1134;1135;956
1134;1136;831
1134;1137;153
1134;1138;966
1135;1136;520
1135;1137;160
1135;1138;515
1135;1139;457
1136;1137;679
1136;1138;451
1136;1139;572
1136;1140;805
1137;1138;176
1137;1139;584
1137;1140;999
1137;1141;280
1138;1139;851
1138;1140;288
1138;1141;775
1138;1142;117
1139;1140;805
1139;1141;499
1139;1142;448
1139;1143;917
1140;1141;655
1140;1142;562
1140;1143;883
1140;1144;562
1141;1142;1000
1141;1143;247
1141;1144;688
1141;1145;351
1142;1143;638
1142;1144;825
1142;1145;905
1142;1146;491
1143;1144;381
1143;1145;779
1143;1146;484
1143;1147;809
1144;1145;847
1144;1146;155
1144;1147;371
1144;1148;572
1145;1146;307
1145;1147;120
1145;1148;978
1145;1149;851
1146;1147;347
1146;1148;616
1146;1149;291
1146;1150;281
1147;1148;797
1147;1149;769
1147;1150;849
1147;1151;189
1148;1149;135
1148;1150;169
1148;1151;439
1148;1152;160
1149;1150;132
1149;1151;736
1149;1152;859
1149;1153;186
1150;1151;483
1150;1152;804
1150;1153;494
1150;1154;282
1151;1152;477
1151;1153;961
1151;1154;693
1151;1155;991
1152;1153;703
1152;1154;827
1152;1155;400
1152;1156;696
1153;1154;708
1153;1155;918
1153;1156;179
1153;1157;531
1154;1155;996
1154;1156;995
1154;1157;740
1154;1158;635
1155;1156;451
1155;1157;340
1155;1158;485
1155;1159;272
1156;1157;993
1156;1158;351
1156;1159;895
1156;1160;131
1157;1158;123
1157;1159;429
1157;1160;625
1157;1161;792
1158;1159;615
1158;1160;162
1158;1161;278
1158;1162;977
1159;1160;381
1159;1161;715
1159;1162;395
1159;1163;842
1160;1161;600
1160;1162;339
1160;1163;478
1160;1164;116
1161;1162;267
1161;1163;995
1161;1164;285
1161;1165;373
1162;1163;323
1162;1164;778
1162;1165;888
1162;1166;663
1163;1164;101
1163;1165;767
1163;1166;465
1163;1167;354
1164;1165;195
1164;1166;830
1164;1167;358
1164;1168;528
1165;1166;735
1165;1167;939
1165;1168;547
1165;1169;714
1166;1167;861
1166;1168;723
1166;1169;572
1166;1170;767
1167;1168;178
1167;1169;785
1167;1170;677
1167;1171;509
1168;1169;895
1168;1170;940
1168;1171;323
1168;1172;316
1169;1170;373
1169;1171;471
1169;1172;849
1169;1173;117
1170;1171;835
1170;1172;226
1170;1173;348
1170;1174;244
1171;1172;807
1171;1173;655
1171;1174;308
1171;1175;806
1172;1173;878
1172;1174;727
1172;1175;662
1172;1176;992
1173;1174;824
1173;1175;169
1173;1176;167
1173;1177;155
1174;1175;120
1174;1176;900
1174;1177;595
1174;1178;472
1175;1176;607
1175;1177;797
1175;1178;327
1175;1179;166
1176;1177;960
1176;1178;918
1176;1179;343
1176;1180;220
1177;1178;615
1177;1179;327
1177;1180;595
1177;1181;755
1178;1179;803
1178;1180;357
1178;1181;549
1178;1182;527
1179;1180;893
1179;1181;247
1179;1182;120
1179;1183;486
1180;1181;417
1180;1182;487
1180;1183;757
1180;1184;235
1181;1182;604
1181;1183;859
1181;1184;118
1181;1185;817
1182;1183;362
1182;1184;192
1182;1185;958
1182;1186;876
1183;1184;517
1183;1185;355
1183;1186;743
1183;1187;513
1184;1185;639
1184;1186;667
1184;1187;930
1184;1188;143
1185;1186;419
1185;1187;437
1185;1188;600
1185;1189;178
1186;1187;437
1186;1188;282
1186;1189;254
1186;1190;911
1187;1188;229
1187;1189;284
1187;1190;794
1187;1191;440
1188;1189;143
1188;1190;978
1188;1191;526
1188;1192;542
1189;1190;538
1189;1191;960
1189;1192;260
1189;1193;888
1190;1191;941
1190;1192;604
1190;1193;827
1190;1194;891
1191;1192;946
1191;1193;845
1191;1194;904
1191;1195;183
1192;1193;508
1192;1194;971
1192;1195;812
1192;1196;931
1193;1194;659
1193;1195;304
1193;1196;227
1193;1197;371
1194;1195;288
1194;1196;409
1194;1197;262
1194;1198;293
1195;1196;338
1195;1197;490
1195;1198;837
1195;1199;142
1196;1197;920
1196;1198;951
1196;1199;403
1196;1200;120
1197;1198;415
1197;1199;681
1197;1200;609
1197;1201;987
1198;1199;957
1198;1200;725
1198;1201;656
1198;1202;791
1199;1200;242
1199;1201;997
1199;1202;733
1199;1203;692
1200;1201;156
1200;1202;960
1200;1203;981
1200;1204;867
1201;1202;781
1201;1203;355
1201;1204;915
1201;1205;858
1202;1203;222
1202;1204;553
1202;1205;920
1202;1206;909
1203;1204;827
1203;1205;295
1203;1206;317
1203;1207;890
1204;1205;254
1204;1206;946
1204;1207;435
1204;1208;389
1205;1206;552
1205;1207;882
1205;1208;292
1205;1209;791
1206;1207;669
1206;1208;329
1206;1209;482
1206;1210;545
1207;1208;865
1207;1209;139
1207;1210;904
1207;1211;716
1208;1209;426
1208;1210;747
1208;1211;872
1208;1212;277
1209;1210;832
1209;1211;576
1209;1212;994
1209;1213;684
1210;1211;721
1210;1212;551
1210;1213;835
1210;1214;179
1211;1212;111
1211;1213;533
1211;1214;537
1211;1215;648
1212;1213;558
1212;1214;568
1212;1215;589
1212;1216;614
1213;1214;195
1213;1215;983
1213;1216;608
1213;1217;120
1214;1215;871
1214;1216;755
1214;1217;606
1214;1218;752
1215;1216;986
1215;1217;646
1215;1218;622
1215;1219;357
1216;1217;211
1216;1218;859
1216;1219;138
1216;1220;838
1217;1218;500
1217;1219;712
1217;1220;273
1217;1221;417
1218;1219;312
1218;1220;836
1218;1221;215
1218;1222;792
1219;1220;377
1219;1221;662
1219;1222;842
1219;1223;734
1220;1221;654
1220;1222;620
1220;1223;803
1220;1224;603
1221;1222;523
1221;1223;947
1221;1224;987
1221;1225;215
1222;1223;855
1222;1224;198
1222;1225;865
1222;1226;538
1223;1224;466
1223;1225;594
1223;1226;181
1223;1227;396
1224;1225;930
1224;1226;369
1224;1227;777
1224;1228;706
1225;1226;301
1225;1227;877
1225;1228;637
1225;1229;579
1226;1227;996
1226;1228;627
1226;1229;389
1226;1230;259
1227;1228;357
1227;1229;638
1227;1230;905
1227;1231;720
1228;1229;269
1228;1230;726
1228;1231;433
1228;1232;325
1229;1230;359
1229;1231;504
1229;1232;513
1229;1233;811
1230;1231;804
1230;1232;969
1230;1233;595
1230;1234;794
1231;1232;669
1231;1233;664
1231;1234;390
1231;1235;698
1232;1233;810
1232;1234;525
1232;1235;160
1232;1236;560
1233;1234;461
1233;1235;613
1233;1236;587
1233;1237;585
1234;1235;878
1234;1236;441
1234;1237;720
1234;1238;470
1235;1236;259
1235;1237;278
1235;1238;512
1235;1239;249
1236;1237;480
1236;1238;817
1236;1239;126
1236;1240;765
1237;1238;222
1237;1239;101
1237;1240;557
1237;1241;773
1238;1239;979
1238;1240;889
1238;1241;745
1238;1242;557
1239;1240;545
1239;1241;138
1239;1242;138
1239;1243;169
1240;1241;194
1240;1242;580
1240;1243;488
1240;1244;354
1241;1242;461
1241;1243;423
1241;1244;465
1241;1245;545
1242;1243;454
1242;1244;138
1242;1245;715
1242;1246;927
1243;1244;584
1243;1245;696
1243;1246;116
1243;1247;800
1244;1245;148
1244;1246;661
1244;1247;802
1244;1248;202
1245;1246;398
1245;1247;767
1245;1248;174
1245;1249;149
1246;1247;381
1246;1248;145
1246;1249;673
1246;1250;915
1247;1248;877
1247;1249;506
1247;1250;693
1247;1251;128
1248;1249;280
1248;1250;920
1248;1251;356
1248;1252;465
1249;1250;393
1249;1251;479
1249;1252;232
1249;1253;180
1250;1251;714
1250;1252;235
1250;1253;472
1250;1254;648
1251;1252;628
1251;1253;996
1251;1254;447
1251;1255;311
1252;1253;285
1252;1254;436
1252;1255;244
1252;1256;184
1253;1254;553
1253;1255;146
1253;1256;205
1253;1257;246
1254;1255;203
1254;1256;464
1254;1257;205
1254;1258;503
1255;1256;785
1255;1257;870
1255;1258;175
1255;1259;681
1256;1257;588
1256;1258;941
1256;1259;548
1256;1260;994
1257;1258;416
1257;1259;906
1257;1260;177
1257;1261;318
1258;1259;266
1258;1260;816
1258;1261;767
1258;1262;654
1259;1260;982
1259;1261;148
1259;1262;816
1259;1263;530
1260;1261;244
1260;1262;337
1260;1263;853
1260;1264;991
1261;1262;973
1261;1263;625
1261;1264;284
1261;1265;753
1262;1263;189
1262;1264;231
1262;1265;989
1262;1266;119
1263;1264;245
1263;1265;274
1263;1266;722
1263;1267;616
1264;1265;936
1264;1266;752
1264;1267;518
1264;1268;252
1265;1266;158
1265;1267;487
1265;1268;561
1265;1269;328
1266;1267;812
1266;1268;128
1266;1269;497
1266;1270;735
1267;1268;944
1267;1269;301
1267;1270;725
1267;1271;311
1268;1269;360
1268;1270;174
1268;1271;641
1268;1272;622
1269;1270;954
1269;1271;510
1269;1272;599
1269;1273;215
1270;1271;349
1270;1272;764
1270;1273;327
1270;1274;134
1271;1272;703
1271;1273;929
1271;1274;262
1271;1275;905
1272;1273;826
1272;1274;397
1272;1275;293
1272;1276;987
1273;1274;895
1273;1275;398
1273;1276;146
1273;1277;418
1274;1275;316
1274;1276;454
1274;1277;968
1274;1278;701
1275;1276;993
1275;1277;359
1275;1278;458
1275;1279;630
1276;1277;265
1276;1278;288
1276;1279;712
1276;1280;974
1277;1278;473
1277;1279;318
1277;1280;181
1277;1281;195
1278;1279;290
1278;1280;811
1278;1281;824
1278;1282;265
1279;1280;688
1279;1281;785
1279;1282;777
1279;1283;728
1280;1281;547
1280;1282;377
1280;1283;239
1280;1284;746
1281;1282;219
1281;1283;476
1281;1284;155
1281;1285;968
1282;1283;415
1282;1284;447
1282;1285;202
1282;1286;266
1283;1284;173
1283;1285;337
1283;1286;351
1283;1287;900
1284;1285;936
1284;1286;765
1284;1287;752
1284;1288;298
1285;1286;550
1285;1287;686
1285;1288;668
1285;1289;122
1286;1287;279
1286;1288;414
1286;1289;388
1286;1290;556
1287;1288;851
1287;1289;580
1287;1290;641
1287;1291;115
1288;1289;512
1288;1290;279
1288;1291;244
1288;1292;595
1289;1290;519
1289;1291;142
1289;1292;676
1289;1293;903
1290;1291;661
1290;1292;978
1290;1293;459
1290;1294;983
1291;1292;706
1291;1293;699
1291;1294;474
1291;1295;501
1292;1293;677
1292;1294;705
1292;1295;933
1292;1296;205
1293;1294;745
1293;1295;247
1293;1296;728
1293;1297;649
1294;1295;591
1294;1296;956
1294;1297;631
1294;1298;146
1295;1296;699
1295;1297;253
1295;1298;703
1295;1299;399
1296;1297;255
1296;1298;636
1296;1299;892
1296;1300;779
1297;1298;314
1297;1299;590
1297;1300;105
1297;1301;341
1298;1299;360
1298;1300;867
1298;1301;596
1298;1302;377
1299;1300;616
1299;1301;527
1299;1302;536
1299;1303;103
1300;1301;535
1300;1302;173
1300;1303;544
1300;1304;763
1301;1302;195
1301;1303;700
1301;1304;590
1301;1305;214
1302;1303;320
1302;1304;555
1302;1305;565
1302;1306;119
1303;1304;339
1303;1305;884
1303;1306;270
1303;1307;880
1304;1305;226
1304;1306;331
1304;1307;702
1304;1308;506
1305;1306;754
1305;1307;502
1305;1308;248
1305;1309;845
1306;1307;127
1306;1308;972
1306;1309;529
1306;1310;766
1307;1308;921
1307;1309;665
1307;1310;880
1307;1311;863
1308;1309;788
1308;1310;321
1308;1311;566
1308;1312;306
1309;1310;375
1309;1311;168
1309;1312;496
1309;1313;815
1310;1311;653
1310;1312;354
1310;1313;800
1310;1314;251
1311;1312;675
1311;1313;694
1311;1314;435
1311;1315;141
1312;1313;505
1312;1314;310
1312;1315;584
1312;1316;666
1313;1314;358
1313;1315;976
1313;1316;230
1313;1317;877
1314;1315;720
1314;1316;882
1314;1317;363
1314;1318;716
1315;1316;343
1315;1317;951
1315;1318;544
1315;1319;377
1316;1317;362
1316;1318;756
1316;1319;244
1316;1320;823
1317;1318;907
1317;1319;485
1317;1320;739
1317;1321;495
1318;1319;769
1318;1320;467
1318;1321;863
1318;1322;201
1319;1320;209
1319;1321;693
1319;1322;708
1319;1323;760
1320;1321;560
1320;1322;432
1320;1323;681
1320;1324;723
1321;1322;904
1321;1323;725
1321;1324;901
1321;1325;736
1322;1323;543
1322;1324;746
1322;1325;458
1322;1326;370
1323;1324;840
1323;1325;120
1323;1326;778
1323;1327;346
1324;1325;929
1324;1326;390
1324;1327;336
1324;1328;394
1325;1326;949
1325;1327;300
1325;1328;990
1325;1329;385
1326;1327;674
1326;1328;685
1326;1329;547
1326;1330;178
1327;1328;896
1327;1329;101
1327;1330;938
1327;1331;346
1328;1329;389
1328;1330;444
1328;1331;258
1328;1332;385
1329;1330;310
1329;1331;646
1329;1332;254
1329;1333;195
1330;1331;504
1330;1332;355
1330;1333;234
1330;1334;238
1331;1332;179
1331;1333;255
1331;1334;350
1331;1335;614
1332;1333;188
1332;1334;401
1332;1335;551
1332;1336;275
1333;1334;715
1333;1335;573
1333;1336;171
1333;1337;342
1334;1335;516
1334;1336;652
1334;1337;488
1334;1338;884
1335;1336;190
1335;1337;262
1335;1338;459
1335;1339;268
1336;1337;452
1336;1338;789
1336;1339;685
1336;1340;149
1337;1338;871
1337;1339;424
1337;1340;510
1337;1341;353
1338;1339;214
1338;1340;273
1338;1341;538
1338;1342;334
1339;1340;598
1339;1341;521
1339;1342;341
1339;1343;276
1340;1341;613
1340;1342;957
1340;1343;869
1340;1344;638
1341;1342;201
1341;1343;701
1341;1344;404
1341;1345;530
1342;1343;226
1342;1344;576
1342;1345;486
1342;1346;750
1343;1344;720
1343;1345;458
1343;1346;904
1343;1347;513
1344;1345;128
1344;1346;910
1344;1347;494
1344;1348;640
1345;1346;659
1345;1347;329
1345;1348;736
1345;1349;969
1346;1347;823
1346;1348;843
1346;1349;112
1346;1350;219
1347;1348;901
1347;1349;341
1347;1350;164
1348;1349;807
1348;1350;749
1349;1350;978